{
    "base_mocap_from_right_ur_arm_base_link_inertia": [
        [
            -0.03602253897252784,
            0.999042038871921,
            0.02484715783762725,
            0.005591260501580192
        ],
        [
            -0.7066936321707139,
            -0.043045422120157745,
            0.7062090355439112,
            0.15735510959163357
        ],
        [
            0.7066020711371688,
            0.007880114284240018,
            0.7075672525375456,
            0.027080916158497295
        ],
        [
            0.0,
            0.0,
            0.0,
            1.0
        ]
    ],
    "j0_line": {
        "point": [
            0.024214377456736654,
            0.6865654691211965,
            0.5568710223286847
        ],
        "direction": [
            0.024639572032094135,
            0.7062179644625604,
            0.707565599899001
        ]
    },
    "j1_line": {
        "point": [
            -0.17784255972038743,
            0.2803884072991189,
            0.14077870927099767
        ],
        "direction": [
            0.999042038871921,
            -0.043045422120157745,
            0.007880114284240018
        ]
    },
    "base_offset": 0.1627782525221701
}