{
    "base_mocap_from_left_ur_arm_base_link_inertia": [
        [
            -0.01914407726629478,
            0.9992322810324376,
            -0.034181176813181315,
            -0.005597052801576792
        ],
        [
            -0.7062167996220456,
            -0.037714587440483345,
            -0.7069904114100768,
            -0.1424581798562177
        ],
        [
            -0.7077367704430918,
            0.010604642233756132,
            0.7063966345657916,
            0.027594644460760376
        ],
        [
            0.0,
            0.0,
            0.0,
            1.0
        ]
    ],
    "j0_line": {
        "point": [
            -0.02493809784672168,
            -0.5494235326466497,
            0.4338246172140313
        ],
        "direction": [
            -0.03215128885864624,
            -0.7070655652571786,
            0.7064167191200067
        ]
    },
    "j1_line": {
        "point": [
            -0.19331566196352717,
            -0.25052365663954057,
            0.14050576913164128
        ],
        "direction": [
            -0.9992322810324376,
            0.037714587440483345,
            -0.010604642233756132
        ]
    },
    "base_offset": 0.1625780727726376
}