{
    "base_mocap_from_left_ur_arm_base_link_inertia": [
        [
            -0.005597052801576792,
            -0.1424581798562177,
            0.027594644460760376
        ],
        [
            0.2793626118543769,
            0.26221787470537733,
            -0.6639381182144481,
            0.6421717001431575
        ]
    ],
    "base_mocap_from_base_footprint": [
        [
            0.12763378024101257,
            0.001993805170059204,
            -0.46092739701271057
        ],
        [
            -0.005310417152941227,
            -0.00037371093640103936,
            0.9998079538345337,
            0.01885887235403061
        ]
    ]
}