{
  "translation": [
    210.70396496136064,
    4.542932967341493,
    -210.030725647989
  ],
  "rotation_rpy": [
    2.37254030985119,
    1.558383369954265,
    2.3649704014558264
  ],
  "final_error": 2879.0709105230917,
  "initial_error": 3043.8321434590225,
  "num_valid_combinations": 120,
  "num_data_points": 10
}