{
    "raw_data": [
        {
            "joint_conf": [
                2.302741995663382e-05,
                -1.5708214245238246,
                -1.1534928489709273e-05,
                -1.5707915705496198,
                6.198883056640625e-06,
                1.5707751512527466
            ],
            "base_mocap_pose": [
                [
                    -0.3445791006088257,
                    -1.3080517053604126,
                    0.52141273021698
                ],
                [
                    -0.0010220195399597287,
                    0.0025772724766284227,
                    0.1761813461780548,
                    -0.9843538999557495
                ]
            ],
            "flange_mocap_pose": [],
            "tool0_fk_pose": [
                [
                    -1.0233231782913208,
                    -1.0373857021331787,
                    1.4236377477645874
                ],
                [
                    0.6985146999359131,
                    -0.1304379552602768,
                    -0.6903289556503296,
                    -0.1360486000776291
                ]
            ],
            "tool0_fk_from_mocap": []
        },
        {
            "joint_conf": [
                0.8337462544441223,
                -0.05950088918719487,
                1.6548898855792444,
                -4.120251079598898,
                -1.8131383101092737,
                -1.4172700087176722
            ],
            "base_mocap_pose": [
                [
                    -0.34528717398643494,
                    -1.3076671361923218,
                    0.5216196775436401
                ],
                [
                    -0.0008104958687908947,
                    0.003348004538565874,
                    0.17615069448947906,
                    -0.9843571782112122
                ]
            ],
            "flange_mocap_pose": [],
            "tool0_fk_pose": [
                [
                    -1.1313705444335938,
                    -0.6693769693374634,
                    0.16454175114631653
                ],
                [
                    0.5646070837974548,
                    0.6789141297340393,
                    0.3118056058883667,
                    -0.3508158028125763
                ]
            ],
            "tool0_fk_from_mocap": []
        },
        {
            "joint_conf": [
                0.7988242506980896,
                0.00861017286267085,
                1.6839044729815882,
                -4.288252731362814,
                -1.927760426198141,
                -1.3461044470416468
            ],
            "base_mocap_pose": [
                [
                    -0.3451920747756958,
                    -1.3076472282409668,
                    0.5215814709663391
                ],
                [
                    -0.0007547945715487003,
                    0.0032204727176576853,
                    0.1761605590581894,
                    -0.9843558669090271
                ]
            ],
            "flange_mocap_pose": [],
            "tool0_fk_pose": [
                [
                    -1.0881699323654175,
                    -0.6918718218803406,
                    0.15035739541053772
                ],
                [
                    0.6084125638008118,
                    0.6090982556343079,
                    0.35972997546195984,
                    -0.35976076126098633
                ]
            ],
            "tool0_fk_from_mocap": []
        }
    ]
}