{
    "raw_data": [
        {
            "joint_conf": [
                -0.37814265886415654,
                -2.1825887165465296,
                -0.8928818702697754,
                -3.3425899944701136,
                0.2830633521080017,
                1.7857297658920288
            ],
            "base_mocap_pose": [
                [
                    0.08316557109355927,
                    -0.12295174598693848,
                    0.5297542810440063
                ],
                [
                    -0.0036630062386393547,
                    0.00484526576474309,
                    -0.21967457234859467,
                    -0.9755542874336243
                ]
            ],
            "flange_mocap_pose": [],
            "tool0_fk_pose": [
                [
                    -0.5749843120574951,
                    -0.9207503795623779,
                    0.7804692387580872
                ],
                [
                    -0.1060110405087471,
                    -0.6875143647193909,
                    -0.062448982149362564,
                    0.7156715989112854
                ]
            ],
            "tool0_fk_from_mocap": []
        },
        {
            "joint_conf": [
                -1.192174259816305,
                -3.499582429925436,
                1.0320270697223108,
                -5.737901350060934,
                -0.7065165678607386,
                1.9119478464126587
            ],
            "base_mocap_pose": [
                [
                    0.08251722902059555,
                    -0.12257659435272217,
                    0.5298117995262146
                ],
                [
                    -0.003155371407046914,
                    0.00542205898091197,
                    -0.21963223814964294,
                    -0.975562572479248
                ]
            ],
            "flange_mocap_pose": [],
            "tool0_fk_pose": [
                [
                    -0.9296090006828308,
                    -0.5881555080413818,
                    0.5726137757301331
                ],
                [
                    -0.2762766480445862,
                    0.8512881398200989,
                    0.4385891556739807,
                    -0.08135943859815598
                ]
            ],
            "tool0_fk_from_mocap": []
        }
    ]
}