{
    "raw_data": [
        {
            "joint_conf": [
                2.3111701011657715e-05,
                -1.5707813066295166,
                1.3176594869435121e-05,
                -1.5708371601500453,
                6.198883056640625e-06,
                1.5707634687423706
            ],
            "base_mocap_pose": [
                [
                    -0.18119779229164124,
                    0.49395450949668884,
                    0.5283454060554504
                ],
                [
                    0.00035531260073184967,
                    0.003418701933696866,
                    -0.11903171986341476,
                    -0.9928845167160034
                ]
            ],
            "flange_mocap_pose": [],
            "tool0_fk_pose": [
                [
                    -0.898039698600769,
                    0.3426927626132965,
                    1.4290626049041748
                ],
                [
                    0.7070541381835938,
                    0.0777861699461937,
                    -0.6990678906440735,
                    0.07299153506755829
                ]
            ],
            "tool0_fk_from_mocap": []
        },
        {
            "joint_conf": [
                -0.34784156480898076,
                -2.6873284778990687,
                -0.8267367482185364,
                -3.198880811730856,
                0.2574867606163025,
                3.0986404418945312
            ],
            "base_mocap_pose": [
                [
                    -0.18262697756290436,
                    0.49135053157806396,
                    0.5290696620941162
                ],
                [
                    -0.0019028009846806526,
                    0.0050980341620743275,
                    -0.11894573271274567,
                    -0.9928858876228333
                ]
            ],
            "flange_mocap_pose": [],
            "tool0_fk_pose": [
                [
                    -0.9805720448493958,
                    -0.248282328248024,
                    0.46515849232673645
                ],
                [
                    -0.4481213688850403,
                    -0.500037431716919,
                    0.26325181126594543,
                    0.6927108764648438
                ]
            ],
            "tool0_fk_from_mocap": []
        },
        {
            "joint_conf": [
                -0.3781631628619593,
                -2.77482332805776,
                -0.9173494577407837,
                -3.3425518474974574,
                0.28308355808258057,
                3.2400708198547363
            ],
            "base_mocap_pose": [
                [
                    -0.18269392848014832,
                    0.49127277731895447,
                    0.5290865898132324
                ],
                [
                    -0.0019776339177042246,
                    0.0052069928497076035,
                    -0.11902468651533127,
                    -0.9928756952285767
                ]
            ],
            "flange_mocap_pose": [],
            "tool0_fk_pose": [
                [
                    -0.9918097257614136,
                    -0.19821642339229584,
                    0.3950232267379761
                ],
                [
                    -0.38459303975105286,
                    -0.5105084180831909,
                    0.2088470607995987,
                    0.740170419216156
                ]
            ],
            "tool0_fk_from_mocap": []
        }
    ]
}