{
    "raw_data": [
        {
            "joint_conf": [
                1.017348051071167,
                -0.11064930379901128,
                1.4949944655047815,
                -3.641693254510397,
                -0.8937485853778284,
                3.955221176147461
            ],
            "base_mocap_pose": [
                [
                    0.23037376999855042,
                    -0.3637031614780426,
                    0.5268926620483398
                ],
                [
                    -0.002055839402601123,
                    0.0023184388410300016,
                    0.025687258690595627,
                    -0.9996652603149414
                ]
            ],
            "flange_mocap_pose": [],
            "tool0_fk_pose": [
                [
                    -0.870234489440918,
                    -0.10580570995807648,
                    0.17518362402915955
                ],
                [
                    -0.1701866239309311,
                    0.8817894458770752,
                    -0.03388882800936699,
                    -0.4385606348514557
                ]
            ],
            "tool0_fk_from_mocap": []
        },
        {
            "joint_conf": [
                1.081666350364685,
                -0.23417241991076665,
                1.6394804159747522,
                -3.5012523136534632,
                -1.078881565724508,
                3.8987338542938232
            ],
            "base_mocap_pose": [
                [
                    0.23032908141613007,
                    -0.36381494998931885,
                    0.5268964767456055
                ],
                [
                    -0.0021161711774766445,
                    0.002383814426138997,
                    0.02568315714597702,
                    -0.9996651411056519
                ]
            ],
            "flange_mocap_pose": [],
            "tool0_fk_pose": [
                [
                    -0.8632234930992126,
                    -0.14025239646434784,
                    0.195892795920372
                ],
                [
                    -0.1803249567747116,
                    0.9235394597053528,
                    -0.017357517033815384,
                    -0.338018536567688
                ]
            ],
            "tool0_fk_from_mocap": []
        }
    ]
}