{
    "raw_data": [
        {
            "joint_conf": [
                -3.042339865361349,
                -0.33071763933215337,
                -0.4961095452308655,
                -1.3227747243693848,
                1.9841982126235962,
                -1.45508319536318
            ],
            "base_mocap_pose": [
                [
                    -0.6240368485450745,
                    -1.2130231857299805,
                    0.5209280848503113
                ],
                [
                    0.0010232749627903104,
                    0.0015717867063358426,
                    -0.9641610383987427,
                    0.2653110921382904
                ]
            ],
            "flange_mocap_pose": [
                [
                    -0.6556872725486755,
                    -0.46966302394866943,
                    1.069934368133545
                ],
                [
                    -0.25627753138542175,
                    -0.22055551409721375,
                    -0.4550391435623169,
                    -0.8237817883491516
                ]
            ],
            "tool0_fk_pose": [
                [
                    -0.4675668179988861,
                    -1.9242733716964722,
                    1.6025304794311523
                ],
                [
                    0.031954076141119,
                    -0.34019026160240173,
                    -0.3202231824398041,
                    0.8835760354995728
                ]
            ],
            "tool0_fk_from_mocap": [
                [
                    -1.2700417041778564,
                    0.9048423767089844,
                    -0.056509971618652344
                ],
                [
                    0.2842904031276703,
                    0.5717265605926514,
                    0.5716249942779541,
                    0.5153180360794067
                ]
            ]
        },
        {
            "joint_conf": [
                -2.645545784627096,
                -0.33071668565783696,
                0.0992515722857874,
                0.19843213140454097,
                1.9841538667678833,
                -1.4550769964801233
            ],
            "base_mocap_pose": [
                [
                    -0.624311625957489,
                    -1.2135130167007446,
                    0.5208109617233276
                ],
                [
                    0.0014135277597233653,
                    0.0019571641460061073,
                    -0.9641733169555664,
                    0.2652621865272522
                ]
            ],
            "flange_mocap_pose": [
                [
                    -0.9944628477096558,
                    -0.5777023434638977,
                    0.6562451124191284
                ],
                [
                    0.6797446608543396,
                    0.11347942054271698,
                    -0.32768288254737854,
                    -0.6462921500205994
                ]
            ],
            "tool0_fk_pose": [
                [
                    -0.15743885934352875,
                    -1.7850347757339478,
                    1.1769338846206665
                ],
                [
                    0.359849214553833,
                    0.5972267985343933,
                    -0.28519129753112793,
                    0.6576433181762695
                ]
            ],
            "tool0_fk_from_mocap": [
                [
                    0.47817742824554443,
                    -0.04456043243408203,
                    -1.4828143119812012
                ],
                [
                    0.8429349064826965,
                    0.5365527272224426,
                    -0.03468907251954079,
                    -0.019198862835764885
                ]
            ]
        },
        {
            "joint_conf": [
                -2.645562235509054,
                -0.3306804460338135,
                -2.1495583057403564,
                -1.1243300598910828,
                1.9841508865356445,
                -1.455085579548971
            ],
            "base_mocap_pose": [
                [
                    -0.6238822340965271,
                    -1.2138354778289795,
                    0.520836591720581
                ],
                [
                    0.0011305572697892785,
                    0.0023514197673648596,
                    -0.9641717672348022,
                    0.26526594161987305
                ]
            ],
            "flange_mocap_pose": [
                [
                    -0.20678135752677917,
                    -1.0753540992736816,
                    0.9210200905799866
                ],
                [
                    -0.7539615035057068,
                    -0.38697290420532227,
                    -0.42959830164909363,
                    -0.31183212995529175
                ]
            ],
            "tool0_fk_pose": [
                [
                    -0.9399239420890808,
                    -1.320237159729004,
                    1.4738844633102417
                ],
                [
                    -0.16358131170272827,
                    -0.8233774900436401,
                    0.06059790030121803,
                    0.5400171279907227
                ]
            ],
            "tool0_fk_from_mocap": [
                [
                    -0.6650055646896362,
                    0.5323358774185181,
                    -0.42132046818733215
                ],
                [
                    0.8353334665298462,
                    0.3497648239135742,
                    -0.3443993628025055,
                    -0.24753139913082123
                ]
            ]
        },
        {
            "joint_conf": [
                -2.64553410211672,
                -1.8518849811949671,
                -2.083333730697632,
                -1.7857471905150355,
                0.727551281452179,
                -1.4551261107074183
            ],
            "base_mocap_pose": [
                [
                    -0.6231869459152222,
                    -1.2144101858139038,
                    0.5209560990333557
                ],
                [
                    0.0005926027661189437,
                    0.0030761007219552994,
                    -0.9641783833503723,
                    0.265236496925354
                ]
            ],
            "flange_mocap_pose": [
                [
                    0.006394688040018082,
                    -1.3676953315734863,
                    0.5296787023544312
                ],
                [
                    -0.6633077263832092,
                    -0.4639737606048584,
                    0.5740979909896851,
                    0.12313693761825562
                ]
            ],
            "tool0_fk_pose": [
                [
                    -1.1855155229568481,
                    -1.0383682250976562,
                    1.0578792095184326
                ],
                [
                    0.07074619084596634,
                    0.8193514347076416,
                    0.2605360448360443,
                    0.5057465434074402
                ]
            ],
            "tool0_fk_from_mocap": [
                [
                    -0.27692997455596924,
                    -0.7205538153648376,
                    1.1010059118270874
                ],
                [
                    0.9354467988014221,
                    0.1221146509051323,
                    0.25239133834838867,
                    0.21523472666740417
                ]
            ]
        }
    ]
}