{
    "raw_data": [
        {
            "joint_conf": [
                -3.0424252192126673,
                -2.711574693719381,
                -1.0913065671920776,
                -3.769951482812399,
                -0.6613271872149866,
                -2.381019417439596
            ],
            "base_mocap_pose": [
                [
                    -2.510068655014038,
                    -1.1129573583602905,
                    0.5216980576515198
                ],
                [
                    -0.0010902105132117867,
                    0.0042674788273870945,
                    -0.7683188319206238,
                    0.6400521397590637
                ]
            ],
            "flange_mocap_pose": [
                [
                    -1.7939631938934326,
                    -0.9206680059432983,
                    0.34815365076065063
                ],
                [
                    0.7488925457000732,
                    -0.500934362411499,
                    0.2767840325832367,
                    0.33408883213996887
                ]
            ],
            "tool0_fk_pose": [
                [
                    -3.175081253051758,
                    -1.2352428436279297,
                    0.9022064208984375
                ],
                [
                    0.852287769317627,
                    0.25727394223213196,
                    0.07175884395837784,
                    -0.44974038004875183
                ]
            ],
            "tool0_fk_from_mocap": [
                [
                    1.1057265996932983,
                    0.9534374475479126,
                    0.4263153076171875
                ],
                [
                    0.7287027835845947,
                    -0.3214980661869049,
                    -0.4711560904979706,
                    -0.3790031969547272
                ]
            ]
        },
        {
            "joint_conf": [
                -3.042367998753683,
                -0.9921062749675293,
                -1.09120512008667,
                -3.76989283184194,
                -0.6613066832171839,
                -2.38098651567568
            ],
            "base_mocap_pose": [
                [
                    -2.511559247970581,
                    -1.1127959489822388,
                    0.5215944051742554
                ],
                [
                    -0.0005357369664125144,
                    0.0031529490370303392,
                    -0.7683898210525513,
                    0.6399741172790527
                ]
            ],
            "flange_mocap_pose": [
                [
                    -2.3583285808563232,
                    -0.8584393858909607,
                    1.164896845817566
                ],
                [
                    0.2531288266181946,
                    -0.55626380443573,
                    0.7853121757507324,
                    -0.09889986366033554
                ]
            ],
            "tool0_fk_pose": [
                [
                    -2.615583658218384,
                    -1.284010648727417,
                    1.6803932189941406
                ],
                [
                    -0.5823745131492615,
                    0.1729663908481598,
                    0.5814346075057983,
                    0.5411620140075684
                ]
            ],
            "tool0_fk_from_mocap": [
                [
                    0.695610523223877,
                    -0.14332175254821777,
                    0.0928032398223877
                ],
                [
                    0.3798767030239105,
                    0.8884461522102356,
                    -0.2023138403892517,
                    -0.15945611894130707
                ]
            ]
        },
        {
            "joint_conf": [
                -3.042339865361349,
                -0.33073099077258306,
                -0.9589707851409912,
                -2.1164800129332484,
                -0.6612942854510706,
                -1.4550436178790491
            ],
            "base_mocap_pose": [
                [
                    -2.512263298034668,
                    -1.1126556396484375,
                    0.5216054916381836
                ],
                [
                    -0.0001484915555920452,
                    0.002519425470381975,
                    -0.7683661580085754,
                    0.6400055289268494
                ]
            ],
            "flange_mocap_pose": [
                [
                    -2.9833791255950928,
                    -0.7985110878944397,
                    1.1267468929290771
                ],
                [
                    -0.586483359336853,
                    0.2825838327407837,
                    0.2626717984676361,
                    -0.7121707797050476
                ]
            ],
            "tool0_fk_pose": [
                [
                    -2.019243001937866,
                    -1.332808256149292,
                    1.6726542711257935
                ],
                [
                    0.5784366726875305,
                    0.29131680727005005,
                    0.7085117101669312,
                    -0.28027966618537903
                ]
            ],
            "tool0_fk_from_mocap": [
                [
                    -0.40126192569732666,
                    -1.115856647491455,
                    -0.32695531845092773
                ],
                [
                    0.7000182867050171,
                    0.6957341432571411,
                    0.09665044397115707,
                    0.12879100441932678
                ]
            ]
        },
        {
            "joint_conf": [
                -3.042406145726339,
                -0.3307799857905884,
                -0.49604082107543945,
                -1.3227791798165818,
                1.9841046333312988,
                -1.455052677785055
            ],
            "base_mocap_pose": [
                [
                    -2.5124340057373047,
                    -1.1125801801681519,
                    0.5216092467308044
                ],
                [
                    -8.406507549807429e-05,
                    0.002320217667147517,
                    -0.7683600187301636,
                    0.6400136947631836
                ]
            ],
            "flange_mocap_pose": [
                [
                    -3.0929760932922363,
                    -0.6472458839416504,
                    1.071210265159607
                ],
                [
                    -0.1439494490623474,
                    -0.3078831136226654,
                    -0.7543003559112549,
                    -0.561709463596344
                ]
            ],
            "tool0_fk_pose": [
                [
                    -1.8728437423706055,
                    -1.463437795639038,
                    1.6023412942886353
                ],
                [
                    0.1698150336742401,
                    -0.29601672291755676,
                    0.07333554327487946,
                    0.9371013045310974
                ]
            ],
            "tool0_fk_from_mocap": [
                [
                    -1.2709505558013916,
                    0.9047271609306335,
                    -0.05608701705932617
                ],
                [
                    0.2853727638721466,
                    0.5723279714584351,
                    0.5707679390907288,
                    0.5150019526481628
                ]
            ]
        }
    ]
}