{
    "raw_data": [
        {
            "joint_conf": [
                -1.2566545645343226,
                -2.0503088436522425,
                2.1494506041156214,
                -1.3228237640908738,
                0.1984708458185196,
                -1.5872810522662562
            ],
            "base_mocap_pose": [
                [
                    -0.726422905921936,
                    -0.5101111531257629,
                    0.6226171255111694
                ],
                [
                    -0.0035063521936535835,
                    0.0005093372310511768,
                    -0.018766146153211594,
                    0.9998176693916321
                ]
            ],
            "flange_mocap_pose": [
                [
                    -1.0051883459091187,
                    -0.1605018675327301,
                    0.9440600872039795
                ],
                [
                    -0.5247334837913513,
                    -0.39044925570487976,
                    -0.31232261657714844,
                    0.6889548301696777
                ]
            ],
            "tool0_fk_pose": [
                [
                    -0.5573858022689819,
                    -0.8213897347450256,
                    1.4739073514938354
                ],
                [
                    -0.039904914796352386,
                    -0.6344009637832642,
                    0.743675708770752,
                    -0.20709769427776337
                ]
            ],
            "tool0_fk_from_mocap": [
                [
                    0.40852826833724976,
                    0.2583562135696411,
                    -0.8272814750671387
                ],
                [
                    -0.3523416519165039,
                    0.9206294417381287,
                    -0.13036708533763885,
                    -0.10630688071250916
                ]
            ]
        },
        {
            "joint_conf": [
                -1.2566307226764124,
                -2.711681982079977,
                1.5543153921710413,
                -1.3227958542159577,
                1.1904479265213013,
                -1.58728534380068
            ],
            "base_mocap_pose": [
                [
                    -0.7266026139259338,
                    -0.5101074576377869,
                    0.6226660013198853
                ],
                [
                    -0.003509580623358488,
                    0.0003227715496905148,
                    -0.01880382001399994,
                    0.9998169541358948
                ]
            ],
            "flange_mocap_pose": [
                [
                    -1.5165950059890747,
                    -0.36310556530952454,
                    1.2798449993133545
                ],
                [
                    0.19375750422477722,
                    -0.43762505054473877,
                    -0.5546380877494812,
                    0.6806753873825073
                ]
            ],
            "tool0_fk_pose": [
                [
                    -0.059401556849479675,
                    -0.6144938468933105,
                    1.8211930990219116
                ],
                [
                    0.45188435912132263,
                    -0.10193052142858505,
                    0.885711669921875,
                    -0.03042403981089592
                ]
            ],
            "tool0_fk_from_mocap": [
                [
                    0.3926936388015747,
                    -0.07736179232597351,
                    -1.5229823589324951
                ],
                [
                    0.7576256990432739,
                    0.3395496904850006,
                    0.4080016016960144,
                    0.3797949254512787
                ]
            ]
        },
        {
            "joint_conf": [
                0.19840025901794434,
                -2.711649557153219,
                2.2156198660479944,
                -2.8439742527403773,
                1.1905438899993896,
                -1.5872810522662562
            ],
            "base_mocap_pose": [
                [
                    -0.7264247536659241,
                    -0.510506272315979,
                    0.6226199269294739
                ],
                [
                    -0.0030439505353569984,
                    0.0005050780018791556,
                    -0.018785616382956505,
                    0.9998188614845276
                ]
            ],
            "flange_mocap_pose": [
                [
                    -1.370171308517456,
                    -0.6564984917640686,
                    1.0372945070266724
                ],
                [
                    0.7609400153160095,
                    -0.14731153845787048,
                    -0.06479979306459427,
                    0.628546416759491
                ]
            ],
            "tool0_fk_pose": [
                [
                    -0.19317033886909485,
                    -0.3421776294708252,
                    1.5908645391464233
                ],
                [
                    0.5807709693908691,
                    0.5071929097175598,
                    0.5158027410507202,
                    -0.37337377667427063
                ]
            ],
            "tool0_fk_from_mocap": [
                [
                    -0.550585150718689,
                    -1.1313470602035522,
                    -0.4554980993270874
                ],
                [
                    0.6922742128372192,
                    0.6939207911491394,
                    -0.17148619890213013,
                    -0.09910982102155685
                ]
            ]
        },
        {
            "joint_conf": [
                -1.2566588560687464,
                -2.2487665615477503,
                2.2156484762774866,
                -2.3810202083983363,
                -0.19839698473085576,
                -1.9180052916156214
            ],
            "base_mocap_pose": [
                [
                    -0.726478099822998,
                    -0.510086178779602,
                    0.6226277947425842
                ],
                [
                    -0.00353295193053782,
                    0.00045808960567228496,
                    -0.018772277981042862,
                    0.999817430973053
                ]
            ],
            "flange_mocap_pose": [
                [
                    -1.0809792280197144,
                    -0.18083149194717407,
                    1.0023486614227295
                ],
                [
                    -0.1774020791053772,
                    -0.7414568066596985,
                    -0.6177864074707031,
                    0.19264023005962372
                ]
            ],
            "tool0_fk_pose": [
                [
                    -0.4726000726222992,
                    -0.7966616153717041,
                    1.556315302848816
                ],
                [
                    -0.4624924957752228,
                    0.5901275277137756,
                    -0.5684027075767517,
                    -0.33877503871917725
                ]
            ],
            "tool0_fk_from_mocap": [
                [
                    -0.4032716751098633,
                    0.718883216381073,
                    -0.6138646602630615
                ],
                [
                    0.9352128505706787,
                    0.32239049673080444,
                    -0.12882021069526672,
                    -0.06961716711521149
                ]
            ]
        },
        {
            "joint_conf": [
                -3.637648884450094,
                -2.77782740215444,
                2.0172317663775843,
                -2.7116786442198695,
                -1.521170441304342,
                -2.4471190611468714
            ],