{
    "raw_data": [
        {
            "joint_conf": [
                -2.57940918604006,
                -2.7777706585326136,
                1.2896979490863245,
                -2.71170773128652,
                -1.5212200323687952,
                -2.447120253239767
            ],
            "base_mocap_pose": [
                [
                    -0.47446954250335693,
                    0.5202771425247192,
                    0.527597963809967
                ],
                [
                    -0.0022749623749405146,
                    -0.004098310135304928,
                    0.3985062539577484,
                    0.9171537160873413
                ]
            ],
            "flange_mocap_pose": [
                [
                    -1.1818379163742065,
                    0.37831270694732666,
                    1.2007967233657837
                ],
                [
                    -0.12326402217149734,
                    -0.2029499113559723,
                    -0.3161686658859253,
                    -0.9185068011283875
                ]
            ],
            "tool0_fk_pose": [
                [
                    0.1493157297372818,
                    0.5941179394721985,
                    1.7375704050064087
                ],
                [
                    0.10985823720693588,
                    -0.2346249669790268,
                    -0.48501020669937134,
                    0.8352529406547546
                ]
            ],
            "tool0_fk_from_mocap": [
                [
                    -0.5255390405654907,
                    -1.3396341800689697,
                    0.18935906887054443
                ],
                [
                    -0.022200634703040123,
                    0.4795371890068054,
                    0.6583494544029236,
                    0.5797647833824158
                ]
            ]
        },
        {
            "joint_conf": [
                -0.8597896734820765,
                -3.240748544732565,
                1.2897208372699183,
                -2.7117144070067347,
                -1.521158520375387,
                -2.447148386632101
            ],
            "base_mocap_pose": [
                [
                    -0.47426268458366394,
                    0.516529381275177,
                    0.5284447073936462
                ],
                [
                    0.0010892573045566678,
                    -0.005547067150473595,
                    0.3985784351825714,
                    0.9171168208122253
                ]
            ],
            "flange_mocap_pose": [
                [
                    -0.9972478747367859,
                    -0.47818246483802795,
                    0.9417799711227417
                ],
                [
                    0.009357895702123642,
                    0.0011958652175962925,
                    -0.9281074404716492,
                    -0.37219297885894775
                ]
            ],
            "tool0_fk_pose": [
                [
                    -0.05341273918747902,
                    1.451621413230896,
                    1.4913438558578491
                ],
                [
                    0.03360700607299805,
                    0.008801491931080818,
                    0.3220559060573578,
                    0.9460830092430115
                ]
            ],
            "tool0_fk_from_mocap": [
                [
                    -1.9277753829956055,
                    -0.9885894060134888,
                    -0.4726108908653259
                ],
                [
                    -0.02991551160812378,
                    0.029797445982694626,
                    0.7581576108932495,
                    0.6507028937339783
                ]
            ]
        },
        {
            "joint_conf": [
                -0.9920204321490687,
                -3.1745969257750453,
                -0.3637261688709259,
                -3.769867559472555,
                -1.7195852438556116,
                -2.447200361882345
            ],
            "base_mocap_pose": [
                [
                    -0.47438016533851624,
                    0.5160218477249146,
                    0.5286355018615723
                ],
                [
                    0.0015489853685721755,
                    -0.005915187764912844,
                    0.39859211444854736,
                    0.9171079993247986
                ]
            ],
            "flange_mocap_pose": [
                [
                    -1.0735477209091187,
                    -0.5535157918930054,
                    0.18737897276878357
                ],
                [
                    -0.26329305768013,
                    0.9283670783042908,
                    -0.26130884885787964,
                    -0.023000245913863182
                ]
            ],
            "tool0_fk_pose": [
                [
                    0.03418517857789993,
                    1.5194607973098755,
                    0.7660748362541199
                ],
                [
                    0.8797622323036194,
                    -0.38328760862350464,
                    -0.13579624891281128,
                    -0.24630951881408691
                ]
            ],
            "tool0_fk_from_mocap": [
                [
                    0.7654827237129211,
                    2.2240896224975586,
                    -0.5715374946594238
                ],
                [
                    0.14113885164260864,
                    0.5031251907348633,
                    0.6545857191085815,
                    0.5463169813156128
                ]
            ]
        },
        {
            "joint_conf": [
                0.1984373927116394,
                -2.6455093822874964,
                -0.7274835109710693,
                -3.7699419460692347,
                -1.7196224371539515,
                -2.447167936955587
            ],
            "base_mocap_pose": [
                [
                    -0.4736204445362091,
                    0.5166631937026978,
                    0.52812659740448
                ],
                [
                    0.0010754622053354979,
                    -0.004467758350074291,
                    0.39860838651657104,
                    0.9171097278594971
                ]
            ],
            "flange_mocap_pose": [
                [
                    -0.2417013943195343,
                    -0.3286130726337433,
                    0.47813934087753296
                ],
                [
                    -0.72304767370224,
                    0.5974866151809692,
                    -0.31626683473587036,
                    0.14208124577999115
                ]
            ],
            "tool0_fk_pose": [
                [
                    -0.7834988832473755,
                    1.2895119190216064,
                    1.029283881187439
                ],
                [
                    0.9190897345542908,
                    0.17781411111354828,
                    -0.3040603697299957,
                    -0.17664504051208496
                ]
            ],
            "tool0_fk_from_mocap": [
                [
                    -0.02193582057952881,
                    1.772263765335083,
                    -0.2724579870700836
                ],
                [
                    0.12829793989658356,
                    0.6413348317146301,
                    0.5786437392234802,
                    0.48723796010017395
                ]
            ]
        }
    ]
}