{
    "raw_data": [
        {
            "joint_conf": [
                -4.960454885159628,
                -0.8597885531238099,
                -2.281802177429199,
                0.1984082895466308,
                0.46297240257263184,
                -1.6534798781024378
            ],
            "base_mocap_pose": [
                [
                    1.775075912475586,
                    -0.5002769827842712,
                    0.526766836643219
                ],
                [
                    0.0007754525868222117,
                    -0.003254703478887677,
                    -0.07803689688444138,
                    0.9969448447227478
                ]
            ],
            "flange_mocap_pose": [
                [
                    1.325242042541504,
                    -0.6829866170883179,
                    0.9290258884429932
                ],
                [
                    -0.6746768355369568,
                    0.1036887839436531,
                    -0.09889420866966248,
                    -0.724071741104126
                ]
            ],
            "tool0_fk_pose": [
                [
                    2.1125781536102295,
                    -0.30269014835357666,
                    1.484291911125183
                ],
                [
                    -0.4861125946044922,
                    -0.46831175684928894,
                    -0.483924001455307,
                    0.5569525361061096
                ]
            ],
            "tool0_fk_from_mocap": [
                [
                    -0.5922789573669434,
                    -0.7563438415527344,
                    -0.38728973269462585
                ],
                [
                    0.824234127998352,
                    0.5597601532936096,
                    0.03911156579852104,
                    0.07600608468055725
                ]
            ]
        },
        {
            "joint_conf": [
                -4.960370008145468,
                -0.06615682065997319,
                -2.281705141067505,
                -1.0582267803004761,
                -0.9259403387652796,
                -0.7276042143451136
            ],
            "base_mocap_pose": [
                [
                    1.7742040157318115,
                    -0.500484824180603,
                    0.5270591378211975
                ],
                [
                    0.000953070295508951,
                    -0.004107290413230658,
                    -0.07800814509391785,
                    0.9969437718391418
                ]
            ],
            "flange_mocap_pose": [
                [
                    1.0097354650497437,
                    -0.5118219256401062,
                    0.9251230955123901
                ],
                [
                    -0.2858504354953766,
                    0.5834093689918518,
                    0.18835854530334473,
                    -0.7365080714225769
                ]
            ],
            "tool0_fk_pose": [
                [
                    2.4098706245422363,
                    -0.463134229183197,
                    1.4837212562561035
                ],
                [
                    0.611685037612915,
                    -0.13133539259433746,
                    0.6957283616065979,
                    -0.3529227674007416
                ]
            ],
            "tool0_fk_from_mocap": [
                [
                    -0.388322114944458,
                    -0.08447206020355225,
                    -1.4549401998519897
                ],
                [
                    0.9820266962051392,
                    0.011462345719337463,
                    0.12661302089691162,
                    0.13950411975383759
                ]
            ]
        },
        {
            "joint_conf": [
                -4.960412923489706,
                -0.19842501104388433,
                0.6944268385516565,
                -0.3968849939158936,
                -0.9259641806231897,
                -0.1323025862323206
            ],
            "base_mocap_pose": [
                [
                    1.7728439569473267,
                    -0.5007738471031189,
                    0.5275496244430542
                ],
                [
                    0.0013170989695936441,
                    -0.005429597105830908,
                    -0.07810327410697937,
                    0.9969297051429749
                ]
            ],
            "flange_mocap_pose": [
                [
                    0.598564624786377,
                    -0.3178797960281372,
                    0.30480581521987915
                ],
                [
                    0.38243716955184937,
                    0.5398802757263184,
                    -0.3461628556251526,
                    0.6651633977890015
                ]
            ],
            "tool0_fk_pose": [
                [
                    2.847355842590332,
                    -0.6489533185958862,
                    0.8714742660522461
                ],
                [
                    -0.2019142061471939,
                    0.6493463516235352,
                    0.7157714366912842,
                    -0.1589065045118332
                ]
            ],
            "tool0_fk_from_mocap": [
                [
                    1.8365806341171265,
                    -0.5201489925384521,
                    1.3580141067504883
                ],
                [
                    -0.6847447156906128,
                    0.7215542793273926,
                    0.06375373154878616,
                    0.08012247830629349
                ]
            ]
        },
        {
            "joint_conf": [
                -5.886386517678396,
                -0.529187874203064,
                0.6613920370685022,
                -3.9021810493864955,
                -0.9259236494647425,
                -0.13228208223451787
            ],
            "base_mocap_pose": [
                [
                    1.775527000427246,
                    -0.4988088309764862,
                    0.5265623331069946
                ],
                [
                    -0.0006400758284144104,
                    -0.0030192143749445677,
                    -0.07794329524040222,
                    0.996953010559082
                ]
            ],
            "flange_mocap_pose": [
                [
                    0.916834831237793,
                    0.29928115010261536,
                    0.7995975613594055
                ],
                [
                    0.06065745651721954,
                    0.5354907512664795,
                    0.3975449800491333,
                    -0.742649495601654
                ]
            ],
            "tool0_fk_pose": [
                [
                    2.5238230228424072,
                    -1.2512011528015137,
                    1.3490779399871826
                ],
                [
                    0.3549830913543701,
                    -0.3694482743740082,
                    0.837440013885498,
                    -0.19023467600345612
                ]
            ],
            "tool0_fk_from_mocap": [
                [
                    -0.0644845962524414,
                    -0.6912954449653625,
                    -2.192324638366699
                ],
                [
                    0.8474025130271912,
                    -0.28591471910476685,
                    0.3337976336479187,
                    0.2978940010070801
                ]
            ]
        },
        {
            "joint_conf": [
                -3.8360558191882532,
                -0.5291388791850586,
                1.9841483275042933,
                -3.9021765194334925,
                -0.9259641806231897,
                -0.13227826753725225
            ],