{
    "raw_data": [
        {
            "joint_conf": [
                0.19833138585090637,
                -2.6455708942809046,
                -0.7274757027626038,
                -3.7698971233763636,
                -1.7196176687823694,
                -2.447184149418966
            ],
            "base_mocap_pose": [
                [
                    -2.5546791553497314,
                    0.5572871565818787,
                    0.5287071466445923
                ],
                [
                    0.002564243972301483,
                    -0.0038824661169201136,
                    -0.00045050494372844696,
                    0.9999891519546509
                ]
            ],
            "flange_mocap_pose": [
                [
                    -3.01509165763855,
                    -0.18805108964443207,
                    0.47420066595077515
                ],
                [
                    -0.42477932572364807,
                    0.837952733039856,
                    -0.34258759021759033,
                    0.005607447121292353
                ]
            ],
            "tool0_fk_pose": [
                [
                    -2.1996586322784424,
                    1.3074097633361816,
                    1.0344363451004028
                ],
                [
                    0.9126134514808655,
                    -0.20321686565876007,
                    -0.2095586210489273,
                    -0.28622519969940186
                ]
            ],
            "tool0_fk_from_mocap": [
                [
                    -0.02171182632446289,
                    1.7721577882766724,
                    -0.27236658334732056
                ],
                [
                    0.12875472009181976,
                    0.6403698921203613,
                    0.5791723728179932,
                    0.4877583682537079
                ]
            ]
        },
        {
            "joint_conf": [
                -0.46296769777406865,
                -1.7857357464232386,
                -0.5621949434280396,
                -3.769865652123922,
                -0.6613791624652308,
                -2.380974356328146
            ],
            "base_mocap_pose": [
                [
                    -2.5553336143493652,
                    0.5580899715423584,
                    0.5287581086158752
                ],
                [
                    0.001810307614505291,
                    -0.004308466799557209,
                    -0.00047290115617215633,
                    0.9999890327453613
                ]
            ],
            "flange_mocap_pose": [
                [
                    -3.4611284732818604,
                    0.27088606357574463,
                    1.1258269548416138
                ],
                [
                    0.27982082962989807,
                    0.6224302053451538,
                    -0.432272344827652,
                    -0.5894247889518738
                ]
            ],
            "tool0_fk_pose": [
                [
                    -1.7889351844787598,
                    0.854482114315033,
                    1.669516682624817
                ],
                [
                    -0.28047311305999756,
                    0.6051762700080872,
                    -0.1795225441455841,
                    0.7230962514877319
                ]
            ],
            "tool0_fk_from_mocap": [
                [
                    0.4311497211456299,
                    0.01802438497543335,
                    -1.8017210960388184
                ],
                [
                    0.18688033521175385,
                    0.9782577157020569,
                    -0.07447366416454315,
                    -0.0504104346036911
                ]
            ]
        },
        {
            "joint_conf": [
                -1.9841583410846155,
                -2.1825314960875453,
                -1.0912525653839111,
                -3.7698523006834925,
                -0.6613419691668909,
                -2.3809950987445276
            ],
            "base_mocap_pose": [
                [
                    -2.555914878845215,
                    0.5590258240699768,
                    0.528774619102478
                ],
                [
                    0.000939161516726017,
                    -0.004321192856878042,
                    -0.00043717684457078576,
                    0.9999901056289673
                ]
            ],
            "flange_mocap_pose": [
                [
                    -3.5255517959594727,
                    1.044974684715271,
                    0.6880311965942383
                ],
                [
                    0.6579617857933044,
                    0.5413665175437927,
                    0.29670342803001404,
                    -0.4312489926815033
                ]
            ],
            "tool0_fk_pose": [
                [
                    -1.701677680015564,
                    0.11844352632761002,
                    1.2436556816101074
                ],
                [
                    0.00973604992032051,
                    0.843814492225647,
                    -0.5330188274383545,
                    0.06142738461494446
                ]
            ],
            "tool0_fk_from_mocap": [
                [
                    1.8276818990707397,
                    0.7496223449707031,
                    -0.7689876556396484
                ],
                [
                    -0.49430572986602783,
                    0.750743567943573,
                    0.338288813829422,
                    0.2785799205303192
                ]
            ]
        },
        {
            "joint_conf": [
                -3.0424283186541956,
                -2.7116672001280726,
                -1.0912737846374512,
                -3.769881864587301,
                -0.661419693623678,
                -2.380965534840719
            ],
            "base_mocap_pose": [
                [
                    -2.5549652576446533,
                    0.5597599744796753,
                    0.5286096930503845
                ],
                [
                    0.00013747175398748368,
                    -0.0031700737308710814,
                    -0.0005958665278740227,
                    0.9999948740005493
                ]
            ],
            "flange_mocap_pose": [
                [
                    -2.870574712753296,
                    1.2309186458587646,
                    0.35732394456863403
                ],
                [
                    0.8623566031455994,
                    0.2506932318210602,
                    0.4398784935474396,
                    0.0009469340438954532
                ]
            ],
            "tool0_fk_pose": [
                [
                    -2.319260835647583,
                    -0.07561054080724716,
                    0.9063339829444885
                ],
                [
                    0.34845635294914246,
                    0.8222771883010864,
                    -0.2942236363887787,
                    -0.34039807319641113
                ]
            ],
            "tool0_fk_from_mocap": [
                [
                    1.1053240299224854,
                    0.9534271359443665,
                    0.42616069316864014
                ],
                [
                    0.7293364405632019,
                    -0.3208901286125183,
                    -0.4722853899002075,
                    -0.3768880367279053
                ]
            ]
        }
    ]
}