{
    "base_frame_transformation_matrix": [
        [
            0.7562645627992464,
            -0.46301261017475803,
            0.4622577370125915,
            0.0929312472087931
        ],
        [
            0.6542358027794247,
            0.5283901029461382,
            -0.5410897218671106,
            -0.10662916599321823
        ],
        [
            0.006278966127190386,
            0.7116308532597705,
            0.7025238056192622,
            0.025367478214096392
        ],
        [
            0.0,
            0.0,
            0.0,
            1.0
        ]
    ],
    "base_frame_origin": [
        0.0929312472087931,
        -0.10662916599321823,
        0.025367478214096392
    ],
    "base_frame_quaternion": [
        0.36240453988639665,
        0.1319119202971112,
        0.3232132568705179,
        0.8641727939718779
    ],
    "base_frame_axes": {
        "x_axis": [
            0.7562645627992464,
            0.6542358027794247,
            0.006278966127190386
        ],
        "y_axis": [
            -0.46301261017475803,
            0.5283901029461382,
            0.7116308532597705
        ],
        "z_axis": [
            0.4622577370125915,
            -0.5410897218671106,
            0.7025238056192622
        ]
    },
    "j0_line": {
        "point": [
            0.3646302077633349,
            -0.4241131877054561,
            0.4374531358767985
        ],
        "direction": [
            0.4639049863669239,
            -0.5396624702074889,
            0.7025358224841317
        ]
    },
    "j1_line": {
        "point": [
            0.08576532162379134,
            -0.26581126131802424,
            0.1388987134835352
        ],
        "direction": [
            0.7562645627992464,
            0.6542358027794247,
            0.006278966127190386
        ]
    },
    "base_offset": 0.1625780727726376
}