{
    "base_frame_transformation_matrix": [
        [
            0.9999370545372682,
            -0.005819414467026948,
            -0.00959276294264627,
            -0.2178324663761572
        ],
        [
            -0.002644431581219154,
            0.7086479988982564,
            -0.7055543228034022,
            -0.10947366335290053
        ],
        [
            0.010903850005594013,
            0.705532385863529,
            0.7085909091094513,
            0.48606160685708355
        ],
        [
            0.0,
            0.0,
            0.0,
            1.0
        ]
    ],
    "base_frame_origin": [
        -0.2178324663761572,
        -0.10947366335290053,
        0.48606160685708355
    ],
    "base_frame_quaternion": [
        0.381671765768204,
        -0.005543938872199253,
        0.0008587716947988903,
        0.924280255461645
    ],
    "base_frame_axes": {
        "x_axis": [
            0.9999370545372682,
            -0.002644431581219154,
            0.010903850005594013
        ],
        "y_axis": [
            -0.005819414467026948,
            0.7086479988982564,
            0.705532385863529
        ],
        "z_axis": [
            -0.00959276294264627,
            -0.7055543228034022,
            0.7085909091094513
        ]
    },
    "j0_line": {
        "point": [
            -0.22612489810642158,
            -0.7532057182616982,
            1.1330966747257836
        ],
        "direction": [
            -0.006729240044100567,
            -0.7055590025865411,
            0.7086192286394112
        ]
    },
    "j1_line": {
        "point": [
            -0.2956932241681662,
            -0.22397906907417944,
            0.6004304497676013
        ],
        "direction": [
            0.9999370545372681,
            -0.0026444315812191536,
            0.010903850005594011
        ]
    },
    "base_offset": 0.1625780727726376
}