{
    "base_mocap_from_arm_base_link": [
        [
            0.0929312472087931,
            -0.10662916599321823,
            0.025367478214096392
        ],
        [
            0.36240453988639665,
            0.1319119202971112,
            0.3232132568705179,
            0.8641727939718779
        ]
    ],
    "base_mocap_from_base_footprint": [
        [
            -0.24157986044883728,
            -0.08469757437705994,
            -0.3807014524936676
        ],
        [
            0.46931061148643494,
            0.1707279235124588,
            0.838068425655365,
            0.2196379154920578
        ]
    ]
}