{
    "base_mocap_from_arm_base": [
        [
            0.3893566131591797,
            -0.0025859326124191284,
            0.35592329502105713
        ],
        [
            0.004534555599093437,
            -0.0030084208119660616,
            0.9999823570251465,
            0.0023631982039660215
        ]
    ],
    "base_mocap_from_base_footprint": [
        [
            -0.0026190578937530518,
            0.0014384882524609566,
            -0.0045244693756103516
        ],
        [
            0.00300842197611928,
            0.00453455513343215,
            -0.0023632212541997433,
            0.9999824166297913
        ]
    ]
}