{
    "base_mocap_from_arm_base": [
        [
            0.3895646929740906,
            -0.0027547329664230347,
            0.3566269278526306
        ],
        [
            0.004422896075993776,
            -0.002700671087950468,
            0.9999847412109375,
            0.001934924628585577
        ]
    ],
    "base_mocap_from_base_footprint": [
        [
            -0.0023331940174102783,
            0.0007124720141291618,
            -0.00391116738319397
        ],
        [
            0.0027006706222891808,
            0.004422896075993776,
            -0.0019349479116499424,
            0.9999846816062927
        ]
    ]
}