{
    "base_mocap_from_arm_base": [
        [
            -0.4875868558883667,
            0.022549092769622803,
            -0.17251646518707275
        ],
        [
            0.0033751658629626036,
            -0.00264757894910872,
            -0.012477495707571507,
            0.9999129176139832
        ]
    ],
    "base_mocap_from_base_footprint": [
        [
            -0.09705552458763123,
            0.015275725163519382,
            -0.534477710723877
        ],
        [
            -0.0026475791819393635,
            -0.003375166794285178,
            0.9999129176139832,
            0.01247752271592617
        ]
    ]
}