{
    "base_mocap_from_arm_base": [
        [
            0.3894372582435608,
            -0.0031885355710983276,
            0.3554188907146454
        ],
        [
            0.0046167741529643536,
            -0.0029867354314774275,
            0.9999821186065674,
            0.0023630026262253523
        ]
    ],
    "base_mocap_from_base_footprint": [
        [
            -0.002597719430923462,
            0.0008199717849493027,
            -0.0049645304679870605
        ],
        [
            0.002986735897138715,
            0.004616773221641779,
            -0.0023630254436284304,
            0.9999821186065674
        ]
    ]
}