{
    "raw_data": [
        {
            "joint_conf": [
                0.9762709736824036,
                -0.41855044782672124,
                1.0825689474688929,
                -3.75704350093984,
                0.4941859543323517,
                0.6162738800048828
            ],
            "base_mocap_pose": [
                [
                    -2.32244610786438,
                    -0.9966208338737488,
                    0.5226088166236877
                ],
                [
                    0.004287164192646742,
                    -0.002109777880832553,
                    0.9559497237205505,
                    -0.2934914827346802
                ]
            ],
            "flange_mocap_pose": [],
            "tool0_fk_pose": [
                [
                    -1.2460130453109741,
                    -0.534633457660675,
                    0.5338817238807678
                ],
                [
                    -0.6959958672523499,
                    0.07033759355545044,
                    0.38589319586753845,
                    0.6014390587806702
                ]
            ],
            "tool0_fk_from_mocap": []
        },
        {
            "joint_conf": [
                1.291092872619629,
                -1.3196463745883484,
                1.7115047613727015,
                -6.177486916581625,
                1.3924047946929932,
                3.0857326984405518
            ],
            "base_mocap_pose": [
                [
                    -2.323157787322998,
                    -0.9967269897460938,
                    0.5224696397781372
                ],
                [
                    0.003811169881373644,
                    -0.0017989915795624256,
                    0.9558616876602173,
                    -0.2937867343425751
                ]
            ],
            "flange_mocap_pose": [],
            "tool0_fk_pose": [
                [
                    -1.4641849994659424,
                    -0.4488990008831024,
                    0.6306743025779724
                ],
                [
                    0.7297824621200562,
                    -0.455295592546463,
                    0.2533922791481018,
                    -0.44262370467185974
                ]
            ],
            "tool0_fk_from_mocap": []
        },
        {
            "joint_conf": [
                1.3019108772277832,
                -1.1923927527717133,
                1.7332728544818323,
                -6.244841238061422,
                1.522170901298523,
                3.0684595108032227
            ],
            "base_mocap_pose": [
                [
                    -2.3230957984924316,
                    -0.9965916275978088,
                    0.5225127339363098
                ],
                [
                    0.003933412954211235,
                    -0.0016878190217539668,
                    0.955854594707489,
                    -0.2938089370727539
                ]
            ],
            "flange_mocap_pose": [],
            "tool0_fk_pose": [
                [
                    -1.4495054483413696,
                    -0.45219525694847107,
                    0.5578444004058838
                ],
                [
                    0.7362450957298279,
                    -0.4858682453632355,
                    0.27724239230155945,
                    -0.38080430030822754
                ]
            ],
            "tool0_fk_from_mocap": []
        }
    ]
}