{
    "raw_data": [
        {
            "joint_conf": [
                -2.4799955526935022,
                -2.012323041955465,
                0.8683837095843714,
                -1.9993444881834925,
                -4.68300968805422,
                1.6802618503570557
            ],
            "base_mocap_pose": [
                [
                    -2.4051291942596436,
                    -0.16867156326770782,
                    0.525266170501709
                ],
                [
                    0.002630645176395774,
                    -0.004985086154192686,
                    0.9996699690818787,
                    -0.025062788277864456
                ]
            ],
            "flange_mocap_pose": [],
            "tool0_fk_pose": [
                [
                    -1.9328027963638306,
                    -0.3426172435283661,
                    1.3530627489089966
                ],
                [
                    0.3277290165424347,
                    0.6308606863021851,
                    -0.2580150365829468,
                    0.6542451977729797
                ]
            ],
            "tool0_fk_from_mocap": []
        },
        {
            "joint_conf": [
                -1.0773971716510218,
                -2.6878606281676234,
                -1.3761359453201294,
                -3.126007696191305,
                -1.0751617590533655,
                2.43015193939209
            ],
            "base_mocap_pose": [
                [
                    -2.4034903049468994,
                    -0.16765651106834412,
                    0.5256064534187317
                ],
                [
                    0.004335145466029644,
                    -0.004058997146785259,
                    0.9996721744537354,
                    -0.024904867634177208
                ]
            ],
            "flange_mocap_pose": [],
            "tool0_fk_pose": [
                [
                    -1.312529444694519,
                    -0.026896335184574127,
                    0.2462131381034851
                ],
                [
                    0.8923494219779968,
                    -0.23463431000709534,
                    0.38501259684562683,
                    -0.020603977143764496
                ]
            ],
            "tool0_fk_from_mocap": []
        },
        {
            "joint_conf": [
                -1.1762970129596155,
                -2.7698527775206507,
                -1.31246817111969,
                -3.512850423852438,
                -1.1781852881061,
                2.454458475112915
            ],
            "base_mocap_pose": [
                [
                    -2.40344500541687,
                    -0.1677049696445465,
                    0.5256122946739197
                ],
                [
                    0.004364341963082552,
                    -0.004112441558390856,
                    0.9996716976165771,
                    -0.024911541491746902
                ]
            ],
            "flange_mocap_pose": [],
            "tool0_fk_pose": [
                [
                    -1.342564344406128,
                    -0.09521892666816711,
                    0.22630804777145386
                ],
                [
                    0.9422643184661865,
                    -0.2478056102991104,
                    0.21119879186153412,
                    0.07826563715934753
                ]
            ],
            "tool0_fk_from_mocap": []
        }
    ]
}