{
    "raw_data": [
        {
            "joint_conf": [
                -1.1763480345355433,
                -2.769848485986227,
                -1.3124194145202637,
                -3.5128218136229457,
                -1.1781895796405237,
                2.454450845718384
            ],
            "base_mocap_pose": [
                [
                    -2.403411388397217,
                    -0.16767629981040955,
                    0.5256038308143616
                ],
                [
                    0.004389594309031963,
                    -0.00409666309133172,
                    0.9996718764305115,
                    -0.02490113116800785
                ]
            ],
            "flange_mocap_pose": [],
            "tool0_fk_pose": [
                [
                    -1.3425213098526,
                    -0.09527473896741867,
                    0.22624865174293518
                ],
                [
                    0.9422560930252075,
                    -0.24783603847026825,
                    0.21120239794254303,
                    0.0782582014799118
                ]
            ],
            "tool0_fk_from_mocap": []
        },
        {
            "joint_conf": [
                -9.361897603810121e-06,
                -1.5708052120604457,
                1.794496645146637e-05,
                -1.570840974847311,
                1.3530254364013672e-05,
                1.5707995891571045
            ],
            "base_mocap_pose": [
                [
                    -2.4042625427246094,
                    -0.16793036460876465,
                    0.525395929813385
                ],
                [
                    0.0035399168264120817,
                    -0.004356977064162493,
                    0.9996737241744995,
                    -0.024919217452406883
                ]
            ],
            "flange_mocap_pose": [],
            "tool0_fk_pose": [
                [
                    -1.6712983846664429,
                    -0.16059108078479767,
                    1.4258003234863281
                ],
                [
                    -0.008187806233763695,
                    0.7113931775093079,
                    0.009437636472284794,
                    0.7026832103729248
                ]
            ],
            "tool0_fk_from_mocap": []
        }
    ]
}