{
    "base_mocap_from_arm_base": [
        [
            0.0927908793091774,
            -0.10692176222801208,
            0.02522331476211548
        ],
        [
            0.36130282282829285,
            0.13295873999595642,
            0.3238118290901184,
            0.8642500638961792
        ]
    ],
    "base_mocap_from_base_footprint": [
        [
            -0.014031149446964264,
            -0.06471855938434601,
            -0.24828553199768066
        ],
        [
            0.4691334664821625,
            0.17231431603431702,
            0.837928295135498,
            0.21931204199790955
        ]
    ]
}