{
    "raw_data": [
        {
            "joint_conf": [
                -0.5952413717852991,
                -1.0582837623408814,
                1.3558462301837366,
                -2.3148747883238734,
                -0.7936580816852015,
                -2.9101102987872522
            ],
            "base_mocap_pose": [
                [
                    1.0737229585647583,
                    0.4210861921310425,
                    -0.0103377103805542
                ],
                [
                    0.0027109880466014147,
                    0.000616449979133904,
                    -0.7155809998512268,
                    -0.6985242962837219
                ]
            ],
            "flange_mocap_pose": [
                [
                    1.7668812274932861,
                    0.6212194561958313,
                    0.7286396622657776
                ],
                [
                    -0.5789170861244202,
                    0.7027435898780823,
                    -0.03529598191380501,
                    0.4120202362537384
                ]
            ],
            "tool0_fk_pose": [
                [
                    1.7672888040542603,
                    0.6034016609191895,
                    0.7426304817199707
                ],
                [
                    0.8067740201950073,
                    0.41657188534736633,
                    0.4170825183391571,
                    -0.040321700274944305
                ]
            ],
            "tool0_fk_from_mocap": [
                [
                    0.0013670921325683594,
                    -0.015815138816833496,
                    0.016167879104614258
                ],
                [
                    0.0012588959652930498,
                    -0.013008475303649902,
                    0.9785391092300415,
                    0.20564673840999603
                ]
            ]
        },
        {
            "joint_conf": [
                -0.5952237288104456,
                -1.9180613956847132,
                1.3558138052569788,
                -2.2487203083434046,
                -0.793593708668844,
                -2.910128418599264
            ],
            "base_mocap_pose": [
                [
                    1.0737215280532837,
                    0.4209156632423401,
                    -0.010029435157775879
                ],
                [
                    0.005504807457327843,
                    0.0004638391255866736,
                    -0.715461790561676,
                    -0.6986300349235535
                ]
            ],
            "flange_mocap_pose": [
                [
                    1.4239482879638672,
                    0.8517655730247498,
                    1.1702747344970703
                ],
                [
                    -0.6092017292976379,
                    0.5073407292366028,
                    -0.37382277846336365,
                    0.4813889265060425
                ]
            ],
            "tool0_fk_pose": [
                [
                    1.4134024381637573,
                    0.8408268094062805,
                    1.18562912940979
                ],
                [
                    0.6140379905700684,
                    0.4890527129173279,
                    0.5584501028060913,
                    0.26817587018013
                ]
            ],
            "tool0_fk_from_mocap": [
                [
                    0.0022668838500976562,
                    -0.014401674270629883,
                    0.015940070152282715
                ],
                [
                    -0.007179293315857649,
                    -0.01129937544465065,
                    0.9785401225090027,
                    0.20562109351158142
                ]
            ]
        },
        {
            "joint_conf": [
                -2.843997303639547,
                -1.9180323086180628,
                1.3558319250689905,
                -2.248680730859274,
                -0.7936423460589808,
                -2.910145107899801
            ],
            "base_mocap_pose": [
                [
                    1.0736815929412842,
                    0.4209136366844177,
                    -0.010240554809570312
                ],
                [
                    0.004497653339058161,
                    0.0008659408194944263,
                    -0.7155308127403259,
                    -0.6985661387443542
                ]
            ],
            "flange_mocap_pose": [
                [
                    0.8549466133117676,
                    0.5280827283859253,
                    1.1740339994430542
                ],
                [
                    0.19937469065189362,
                    0.7637863755226135,
                    -0.6025232076644897,
                    -0.11766865849494934
                ]
            ],
            "tool0_fk_pose": [
                [
                    0.8541233539581299,
                    0.5420029163360596,
                    1.1891813278198242
                ],
                [
                    0.6991736888885498,
                    -0.3476877808570862,
                    0.008947429247200489,
                    0.624651312828064
                ]
            ],
            "tool0_fk_from_mocap": [
                [
                    0.0004672408103942871,
                    -0.013854444026947021,
                    0.015222668647766113
                ],
                [
                    -0.004154456779360771,
                    -0.013135945424437523,
                    0.978653609752655,
                    0.20505456626415253
                ]
            ]
        },
        {
            "joint_conf": [
                -2.843973223363058,
                -0.8598277729800721,
                0.3968270460711878,
                -2.2486945591368617,
                -1.6534908453570765,
                -2.9101207892047327
            ],
            "base_mocap_pose": [
                [
                    1.0736041069030762,
                    0.420989066362381,
                    -0.010014206171035767
                ],
                [
                    0.005694415420293808,
                    0.0014011167222633958,
                    -0.7154160141944885,
                    -0.6986741423606873
                ]
            ],
            "flange_mocap_pose": [
                [
                    0.36891648173332214,
                    0.4626805782318115,
                    1.0346776247024536
                ],
                [
                    0.4595637023448944,
                    0.7131125330924988,
                    -0.3771355152130127,
                    -0.37153804302215576
                ]
            ],
            "tool0_fk_pose": [
                [
                    0.37734055519104004,
                    0.46783262491226196,
                    1.0542106628417969
                ],
                [
                    0.6014712452888489,
                    -0.5885712504386902,
                    -0.2886313498020172,
                    0.4566269516944885
                ]
            ],
            "tool0_fk_from_mocap": [
                [
                    0.00010445713996887207,
                    -0.014187991619110107,
                    0.016665399074554443
                ],
                [
                    -0.00552090210840106,
                    -0.012758134864270687,
                    0.9788504242897034,
                    0.20410434901714325
                ]
            ]
        }
    ]
}