{
    "raw_data": [
        {
            "joint_conf": [
                1.1050535249523818e-05,
                -1.3227789562991639,
                2.248709026967184,
                0.7275814253040771,
                1.6534345149993896,
                -2.910170380269186
            ],
            "base_mocap_pose": [
                [
                    -0.5378484129905701,
                    -0.22024419903755188,
                    0.0990757942199707
                ],
                [
                    -0.003873454174026847,
                    -0.0052466741763055325,
                    -0.00893439631909132,
                    0.9999388456344604
                ]
            ],
            "flange_mocap_pose": [
                [
                    -0.036724742501974106,
                    -0.4762670695781708,
                    0.6138308048248291
                ],
                [
                    -0.9956598877906799,
                    -0.08144214004278183,
                    0.03344571590423584,
                    0.03016561269760132
                ]
            ],
            "tool0_fk_pose": [
                [
                    -0.0326925627887249,
                    -0.4626125395298004,
                    0.6295570135116577
                ],
                [
                    0.12481842935085297,
                    0.9905238151550293,
                    0.035982660949230194,
                    -0.04458949342370033
                ]
            ],
            "tool0_fk_from_mocap": [
                [
                    -0.0009724684059619904,
                    -0.01514965295791626,
                    0.014817595481872559
                ],
                [
                    -0.004571461584419012,
                    -0.013752833008766174,
                    0.9786360859870911,
                    0.20508868992328644
                ]
            ]
        },
        {
            "joint_conf": [
                1.1071562767028809e-05,
                -2.050289293328756,
                1.5873196760760706,
                0.7275411325642089,
                1.6534333229064941,
                -2.9100988546954554
            ],
            "base_mocap_pose": [
                [
                    -0.5378710031509399,
                    -0.2203575074672699,
                    0.09911805391311646
                ],
                [
                    -0.004313027951866388,
                    -0.005153282079845667,
                    -0.008993100374937057,
                    0.9999370574951172
                ]
            ],
            "flange_mocap_pose": [
                [
                    -0.03714155778288841,
                    -0.47174912691116333,
                    1.0648332834243774
                ],
                [
                    -0.7815088033676147,
                    -0.04034363850951195,
                    0.09532294422388077,
                    -0.6152478456497192
                ]
            ],
            "tool0_fk_pose": [
                [
                    -0.03292089328169823,
                    -0.4532768130302429,
                    1.051831841468811
                ],
                [
                    0.12575340270996094,
                    0.7831445336341858,
                    -0.6081913113594055,
                    0.031209774315357208
                ]
            ],
            "tool0_fk_from_mocap": [
                [
                    -0.0014825165271759033,
                    -0.01749706268310547,
                    0.014823317527770996
                ],
                [
                    -0.002863809233531356,
                    -0.017249206081032753,
                    0.9781743884086609,
                    0.20704863965511322
                ]
            ]
        },
        {
            "joint_conf": [
                -0.7275145689593714,
                -1.455047869389393,
                1.1243565718280237,
                -0.5291126531413575,
                0.3306851387023926,
                -2.9101153055774134
            ],
            "base_mocap_pose": [
                [
                    -0.5378245711326599,
                    -0.22015415132045746,
                    0.0990251898765564
                ],
                [
                    -0.003648793790489435,
                    -0.005544343963265419,
                    -0.008924509398639202,
                    0.9999381303787231
                ]
            ],
            "flange_mocap_pose": [
                [
                    -0.32552430033683777,
                    -0.7655173540115356,
                    1.1486377716064453
                ],
                [
                    -0.41509705781936646,
                    -0.44659143686294556,
                    0.15508700907230377,
                    -0.7773020267486572
                ]
            ],
            "tool0_fk_pose": [
                [
                    -0.3394949436187744,
                    -0.7599070072174072,
                    1.1305490732192993
                ],
                [
                    0.3461938500404358,
                    -0.5060741305351257,
                    0.7899612188339233,
                    -0.00011419753718655556
                ]
            ],
            "tool0_fk_from_mocap": [
                [
                    0.0012366771697998047,
                    -0.01662057638168335,
                    0.016615748405456543
                ],
                [
                    -0.0051598139107227325,
                    -0.011720674112439156,
                    0.9786978960037231,
                    0.20490580797195435
                ]
            ]
        },
        {
            "joint_conf": [
                -0.7275546232806605,
                -1.058198408489563,
                -1.4219627380371094,
                -0.5290478032878418,
                0.3306894898414612,
                -2.910144631062643
            ],
            "base_mocap_pose": [
                [
                    -0.5378283262252808,
                    -0.2202410101890564,
                    0.09907674789428711
                ],
                [
                    -0.00392037071287632,
                    -0.005389896687120199,
                    -0.008927866816520691,
                    0.9999380111694336
                ]
            ],
            "flange_mocap_pose": [
                [
                    0.11192861944437027,
                    -0.29448631405830383,
                    1.3259962797164917
                ],
                [
                    0.3956482708454132,
                    -0.5768242478370667,
                    0.6120110750198364,
                    -0.36902400851249695
                ]
            ],
            "tool0_fk_pose": [
                [
                    0.09449722617864609,
                    -0.2933191955089569,
                    1.3360846042633057
                ],
                [
                    0.6373956799507141,
                    0.26688483357429504,
                    0.4938651919364929,
                    0.5278225541114807
                ]
            ],
            "tool0_fk_from_mocap": [
                [
                    0.00193043053150177,
                    -0.012253999710083008,
                    0.0159091055393219
                ],
                [
                    -0.00416356697678566,
                    -0.01127767376601696,
                    0.9785390496253967,
                    0.20571063458919525
                ]
            ]
        },
        {
            "joint_conf": [
                1.1244113445281982,
                -1.6534115276732386,
                -1.620344877243042,
                -3.0423952541747035,
                0.7275332808494568,
                -2.910119358693258
            ],