{
  "translation": [
    212.6240953249864,
    1.3553031333571564,
    -211.78639375563938
  ],
  "rotation_rpy": [
    0.9490934438509175,
    1.5636183938674975,
    0.9526006707060213
  ],
  "final_error": 2.1885498204865113,
  "initial_error": 2.97905118064235,
  "num_valid_combinations": 120,
  "num_data_points": 10
}