{
    "arm_index": 1,
    "arm_name": "right",
    "tool0_link_name": "right_ur_arm_tool0",
    "tool0_from_punch_tip": {
        "position": [
            0.0038,
            0.0001,
            0.11896
        ],
        "quaternion": [
            0.0,
            0.0,
            0.0,
            1.0
        ]
    },
    "takes": [
        {
            "timestamp": "2026-03-09T16:23:51.026080",
            "arm_index": 1,
            "arm_name": "right",
            "tool0_link_name": "right_ur_arm_tool0",
            "joint_conf": [
                4.898766040802002,
                -1.0791145724109192,
                1.717327896748678,
                -3.5903364620604457,
                -1.5370209852801722,
                0.40317749977111816
            ],
            "base_pose": {
                "position": [
                    -0.7615589499473572,
                    -0.8019385933876038,
                    -0.015510261058807373
                ],
                "quaternion": [
                    -0.004897890146821737,
                    -0.0007872887072153389,
                    0.9947040677070618,
                    -0.10266067832708359
                ]
            },
            "world_from_punch_tip": {
                "position": [
                    -0.309292197227478,
                    -0.10189121216535568,
                    0.5419636964797974
                ],
                "quaternion": [
                    0.7095727324485779,
                    -0.36696091294288635,
                    0.4603564143180847,
                    -0.3871926963329315
                ]
            },
            "tool0_from_punch_tip": {
                "position": [
                    0.0038,
                    0.0001,
                    0.11896
                ],
                "quaternion": [
                    0.0,
                    0.0,
                    0.0,
                    1.0
                ]
            }
        }
    ]
}