{
    "arm_index": 1,
    "arm_name": "right",
    "tool0_link_name": "right_ur_arm_tool0",
    "tool0_from_punch_tip": {
        "position": [
            0.0038,
            0.0001,
            0.11896
        ],
        "quaternion": [
            0.0,
            0.0,
            0.0,
            1.0
        ]
    },
    "takes": [
        {
            "timestamp": "2026-03-09T16:00:53.079493",
            "arm_index": 1,
            "arm_name": "right",
            "tool0_link_name": "right_ur_arm_tool0",
            "joint_conf": [
                1.2214304208755493,
                -0.7283194226077576,
                1.435991112385885,
                -3.3121220074095667,
                -1.13771897951235,
                -0.07817441621889287
            ],
            "base_pose": {
                "position": [
                    0.3905809819698334,
                    0.6765797138214111,
                    -0.0037320852279663086
                ],
                "quaternion": [
                    0.005884481593966484,
                    0.0018222444923594594,
                    -0.8350395560264587,
                    0.5501554608345032
                ]
            },
            "world_from_punch_tip": {
                "position": [
                    -0.3095686435699463,
                    -0.10010676085948944,
                    0.542976438999176
                ],
                "quaternion": [
                    0.35640522837638855,
                    0.7051892280578613,
                    -0.5373384356498718,
                    0.294874370098114
                ]
            },
            "tool0_from_punch_tip": {
                "position": [
                    0.0038,
                    0.0001,
                    0.11896
                ],
                "quaternion": [
                    0.0,
                    0.0,
                    0.0,
                    1.0
                ]
            }
        }
    ]
}