{
    "arm_index": 1,
    "arm_name": "right",
    "tool0_link_name": "right_ur_arm_tool0",
    "tool0_from_punch_tip": {
        "position": [
            0.0038,
            0.0001,
            0.11896
        ],
        "quaternion": [
            0.0,
            0.0,
            0.0,
            1.0
        ]
    },
    "takes": [
        {
            "timestamp": "2026-03-09T16:17:29.121343",
            "arm_index": 1,
            "arm_name": "right",
            "tool0_link_name": "right_ur_arm_tool0",
            "joint_conf": [
                1.7813833951950073,
                -0.22079749525103765,
                1.1282294432269495,
                -2.976555486718649,
                -1.6366785208331507,
                -0.08934289613832647
            ],
            "base_pose": {
                "position": [
                    0.5873062610626221,
                    -0.41837459802627563,
                    -0.007732599973678589
                ],
                "quaternion": [
                    -0.0024129175581038,
                    -0.0011647053761407733,
                    0.9635244607925415,
                    0.26760685443878174
                ]
            },
            "world_from_punch_tip": {
                "position": [
                    -0.30848437547683716,
                    -0.10023719072341919,
                    0.5431408286094666
                ],
                "quaternion": [
                    0.763554573059082,
                    0.46681392192840576,
                    -0.4395028054714203,
                    -0.07685454934835434
                ]
            },
            "tool0_from_punch_tip": {
                "position": [
                    0.0038,
                    0.0001,
                    0.11896
                ],
                "quaternion": [
                    0.0,
                    0.0,
                    0.0,
                    1.0
                ]
            }
        }
    ]
}