{
    "raw_data": [
        {
            "joint_conf": [
                2.5132882595062256,
                -2.273574491540426,
                1.3892582098590296,
                0.19845740377392573,
                1.2566291093826294,
                0.39685511589050293
            ],
            "mocap_pose": [
                [
                    0.4304928183555603,
                    -0.2130243182182312,
                    1.1284464597702026
                ],
                [
                    0.40780743956565857,
                    -0.2165500521659851,
                    0.20878750085830688,
                    0.862094521522522
                ]
            ]
        },
        {
            "joint_conf": [
                2.050281047821045,
                -2.2735735378661097,
                1.3892515341388147,
                0.19838707029309077,
                1.2565970420837402,
                0.3968312740325928
            ],
            "mocap_pose": [
                [
                    0.3326006829738617,
                    -0.21417194604873657,
                    1.1277765035629272
                ],
                [
                    0.34983229637145996,
                    -0.3017202317714691,
                    0.005559032317250967,
                    0.8868772983551025
                ]
            ]
        },
        {
            "joint_conf": [
                1.6534936428070068,
                -2.2735849819579066,
                1.389292065297262,
                0.19840387880291743,
                1.2566498517990112,
                0.3967776596546173
            ],
            "mocap_pose": [
                [
                    0.2554956376552582,
                    -0.1803348958492279,
                    1.1274642944335938
                ],
                [
                    0.2864384949207306,
                    -0.3660162687301636,
                    -0.16952897608280182,
                    0.8690484166145325
                ]
            ]
        },
        {
            "joint_conf": [
                1.0582095384597778,
                -2.2735616169371546,
                1.3892582098590296,
                0.19847838460888667,
                1.256636619567871,
                0.39685216546058655
            ],
            "mocap_pose": [
                [
                    0.17859648168087006,
                    -0.08134140074253082,
                    1.126588225364685
                ],
                [
                    0.16679079830646515,
                    -0.4336744248867035,
                    -0.4182336628437042,
                    0.7805048823356628
                ]
            ]
        },
        {
            "joint_conf": [
                0.5952723622322083,
                -2.2735821209349574,
                1.3892176787005823,
                0.19844083368267817,
                1.2566264867782593,
                0.3968491852283478
            ],
            "mocap_pose": [
                [
                    0.1655798703432083,
                    0.015748143196105957,
                    1.1267467737197876
                ],
                [
                    0.06413938850164413,
                    -0.4604615867137909,
                    -0.5868675708770752,
                    0.6629084944725037
                ]
            ]
        },
        {
            "joint_conf": [
                -0.06613475481142217,
                -2.2735897503294886,
                1.3892467657672327,
                0.1983741956898193,
                1.2566649913787842,
                0.396826833486557
            ],
            "mocap_pose": [
                [
                    0.22316323220729828,
                    0.1416013240814209,
                    1.127217411994934
                ],
                [
                    -0.08601485192775726,
                    -0.4504896104335785,
                    -0.7733994126319885,
                    0.43762296438217163
                ]
            ]
        },
        {
            "joint_conf": [
                -0.6613968054400843,
                -2.2735325298705042,
                1.3892386595355433,
                0.19841591894116206,
                1.2565970420837402,
                0.3968181014060974
            ],
            "mocap_pose": [
                [
                    0.3323700726032257,
                    0.20158590376377106,
                    1.1282217502593994
                ],
                [
                    -0.21710461378097534,
                    -0.40867847204208374,
                    -0.8663220405578613,
                    0.18797233700752258
                ]
            ]
        },
        {
            "joint_conf": [
                -1.3227861563311976,
                -2.273586412469381,
                1.3892467657672327,
                0.1984277206608276,
                1.2566335201263428,
                0.39686378836631775
            ],
            "mocap_pose": [
                [
                    0.4708331823348999,
                    0.18567723035812378,
                    1.129551649093628
                ],
                [
                    -0.33584800362586975,
                    -0.306100070476532,
                    -0.8852001428604126,
                    -0.09964703023433685
                ]
            ]
        }
    ],
    "center": [
        0.37775343514511683,
        -0.0060748128671568695,
        1.1284188183130748
    ],
    "radius": 0.2131374158635755,
    "normal": [
        -0.008254927044632,
        -0.0011790174880232124,
        0.999965232444234
    ]
}