{"path_8d": [[-0.643, 1.916, -1.797, 1.295, -0.024, -0.877, -1.704, 1.45], [-0.642128821896681, 1.9106676544789176, -1.7944621860348595, 1.2946993673547742, -0.021936411569036213, -0.8772765688228779, -1.7059930634176674, 1.457460329494854], [-0.5851874981030374, 1.8978588753167331, -1.797618165311847, 1.2706947959534152, 0.018290885429210264, -0.8691115749710382, -1.6460043508049833, 1.5192895757932066], [0.3544244926542195, 1.7101975959116542, -1.8559594056282258, 0.8951998412194737, 0.6828859762184136, -0.7691068206350717, -0.645750169068508, 2.5026986943814236], [0.3795185001510276, 1.6943493871433244, -1.7925717048373362, 0.8634453354390975, 0.5969617742102672, -0.7828343418566126, -0.5623685403627251, 2.4925289402293385], [0.7277171574174259, 1.3273444755741173, -0.8031367747121865, 0.34710424348677393, -0.729599230910531, -1.0179494397071676, 0.5196857121772155, 2.3933658167200393], [-0.31413894962523475, 0.801330181478494, -1.8977945220072774, 0.43222851070684903, 0.46885546329193994, -1.2572639483787817, -0.979062901448956, 2.2667505930370395], [-0.31826827458303386, 0.7994833762508748, -1.9032890388752992, 0.4331578842652172, 0.4758071828486597, -1.2569925180562849, -0.9868028966097644, 2.26710834195719], [-0.3278595797563365, 0.8167332610313279, -2.089427635178912, 0.47675327851071936, 0.6767984794808657, -1.2891661429418553, -1.0934224159536843, 2.321889249480446], [-0.2879714809782383, 0.8468418901231056, -2.1351082207902556, 0.49137836030339105, 0.7149351428889851, -1.3104734581977686, -1.0691469908755278, 2.349163669642161], [-0.199, 0.914, -2.237, 0.524, 0.8, -1.358, -1.015, 2.41]], "path_14d": [[-0.643, 1.916, -1.797, 1.295, -0.024, -0.877, -1.704, 0.7155875264356051, 1.9677146177737734, 1.7294698381094247, 1.2997978859877102, 0.1638213929525179, -0.9324739957451793, -0.75584433499194], [-0.642128821896681, 1.9106676544789176, -1.7944621860348595, 1.2946993673547742, -0.021936411569036213, -0.8772765688228779, -1.7059930634176674, 0.7115167088182249, 1.9587761279881244, 1.7306486843948052, 1.2979806208063722, 0.15441478033912762, -0.9325116075069917, -0.7496945344606449], [-0.5851874981030374, 1.8978588753167331, -1.797618165311847, 1.2706947959534152, 0.018290885429210264, -0.8691115749710382, -1.6460043508049833, 0.7602088004035087, 1.9145354892572637, 1.7784114796576271, 1.3279842500730472, 0.09623912211518287, -0.9351232006600301, -0.7988081850190327], [0.3544244926542195, 1.7101975959116542, -1.8559594056282258, 0.8951998412194737, 0.6828859762184136, -0.7691068206350717, -0.645750169068508, 1.551639375506819, 1.0314926545265881, 2.3783784100030325, 1.6952369640652003, -0.48062883593796546, -1.4913043303348639, -1.6450986190021273], [0.3795185001510276, 1.6943493871433244, -1.7925717048373362, 0.8634453354390975, 0.5969617742102672, -0.7828343418566126, -0.5623685403627251, 1.6408959470870486, 0.9570162825500594, 2.3096956865413794, 1.729704697421072, -0.49040473355692016, -1.505534533989461, -1.693979109089004], [0.7277171574174259, 1.3273444755741173, -0.8031367747121865, 0.34710424348677393, -0.729599230910531, -1.0179494397071676, 0.5196857121772155, 2.155342524098917, 0.5411276668818573, 1.6838446576058197, 1.2951534458425227, -0.8820706481582101, -1.9366145943674367, -2.573332137919522], [-0.31413894962523475, 0.801330181478494, -1.8977945220072774, 0.43222851070684903, 0.46885546329193994, -1.2572639483787817, -0.979062901448956, -0.05264035946486024, 0.9493375056333672, 2.259027279930557, 0.014142253477512098, -0.7335769410637984, -1.6804700935266754, -1.422097733445846], [-0.31826827458303386, 0.7994833762508748, -1.9032890388752992, 0.4331578842652172, 0.4758071828486597, -1.2569925180562849, -0.9868028966097644, -0.05635461389726399, 0.9500572207904046, 2.259399167097527, 0.014142253477512098, -0.7331769689662032, -1.6811737960897841, -1.4146728632328143], [-0.3278595797563365, 0.8167332610313279, -2.089427635178912, 0.47675327851071936, 0.6767984794808657, -1.2891661429418553, -1.0934224159536843, -0.07184462995036797, 1.0013768693305427, 2.3153216046313467, 0.014142253477512098, -0.7717666705587501, -1.6567993126776108, -1.370015631726202], [-0.2879714809782383, 0.8468418901231056, -2.1351082207902556, 0.49137836030339105, 0.7149351428889851, -1.3104734581977686, -1.0691469908755278, -0.03957485874587637, 1.0234062247990934, 2.343075567789788, 0.014142253477512098, -0.7967925606036721, -1.6345563810213755, -1.4258629768674687], [-0.199, 0.914, -2.237, 0.524, 0.8, -1.358, -1.015, 0.245090598090221, 0.9001781798812658, 2.287878237118072, 0.5350579160479826, -0.8643205752466314, -1.4097828054600237, -1.3433029555921574]], "start": [-0.643, 1.916, -1.797, 1.295, -0.024, -0.877, -1.704, 1.45], "goal": [-0.199, 0.914, -2.237, 0.524, 0.8, -1.358, -1.015, 2.41]}