{
    "raw_data": [
        {
            "joint_conf": [
                2.307223222539343,
                -0.746315613411029,
                0.9440585834247635,
                -2.1377922570642687,
                -5.436660545350582,
                0.5062166757866824
            ],
            "base_mocap_pose": [
                [
                    -0.09909415245056152,
                    1.7249879837036133,
                    0.5396744608879089
                ],
                [
                    0.005941146053373814,
                    -0.0024785506539046764,
                    0.8568785786628723,
                    0.5154780149459839
                ]
            ],
            "footprint_base_link_pose": [
                [
                    -0.07123585045337677,
                    1.6376515626907349,
                    0.004010975360870361
                ],
                [
                    0.0008448141743429005,
                    0.009985151700675488,
                    -0.5260747671127319,
                    0.8503792881965637
                ]
            ],
            "world_from_bar_pose": [
                [
                    0.898663341999054,
                    1.3045654296875,
                    0.9426747560501099
                ],
                [
                    0.0,
                    0.7071067811865475,
                    -0.0,
                    0.7071067811865476
                ]
            ],
            "bar_euler_angles": [
                0.0,
                1.5707963267948966,
                -0.0
            ],
            "bar_rig": {
                "2": {
                    "pos": [
                        1.174088954925537,
                        1.2671971321105957,
                        0.9198018908500671
                    ],
                    "size": [
                        0.024271870031952858
                    ],
                    "error": 0.0007693146471865475
                },
                "3": {
                    "pos": [
                        1.3756991624832153,
                        1.3238939046859741,
                        0.907346785068512
                    ],
                    "size": [
                        0.019516117870807648
                    ],
                    "error": 0.002122211968526244
                },
                "4": {
                    "pos": [
                        1.1738600730895996,
                        1.336045503616333,
                        0.9643741250038147
                    ],
                    "size": [
                        0.02373470924794674
                    ],
                    "error": 0.0011679984163492918
                },
                "7": {
                    "pos": [
                        0.6276769042015076,
                        1.310909628868103,
                        0.8990551829338074
                    ],
                    "size": [
                        0.021499518305063248
                    ],
                    "error": 0.0018913267413154244
                },
                "1": {
                    "pos": [
                        1.375465989112854,
                        1.2799394130706787,
                        0.9775795340538025
                    ],
                    "size": [
                        0.02347857877612114
                    ],
                    "error": 0.0008287584641948342
                },
                "5": {
                    "pos": [
                        0.42513975501060486,
                        1.2661285400390625,
                        0.9326196312904358
                    ],
                    "size": [
                        0.024139447137713432
                    ],
                    "error": 0.0010567477438598871
                },
                "6": {
                    "pos": [
                        0.4262385070323944,
                        1.3472596406936646,
                        0.945814311504364
                    ],
                    "size": [
                        0.023023303598165512
                    ],
                    "error": 0.001711730845272541
                },
                "8": {
                    "pos": [
                        0.6273654103279114,
                        1.299595594406128,
                        0.9807538986206055
                    ],
                    "size": [
                        0.02391921356320381
                    ],
                    "error": 0.0009596722666174173
                }
            },
            "theta_index": 5,
            "theta_partition": 8
        },
        {
            "joint_conf": [
                -0.27116424242128545,
                -0.7480088633349915,
                0.42106372514833623,
                -2.788175722161764,
                -5.689642910157339,
                -0.02327424684633428
            ],
            "base_mocap_pose": [
                [
                    -0.10275169461965561,
                    1.7254068851470947,
                    0.5390310287475586
                ],
                [
                    0.002962128259241581,
                    -0.003864991245791316,
                    0.8570166826248169,
                    0.5152655839920044
                ]
            ],
            "footprint_base_link_pose": [
                [
                    -0.07130683958530426,
                    1.6377031803131104,
                    0.003641366958618164
                ],
                [
                    0.00229909410700202,
                    0.0070216660387814045,
                    -0.5258975028991699,
                    0.8505158424377441
                ]
            ],
            "world_from_bar_pose": [
                [
                    -0.355499804019928,
                    0.8306973576545715,
                    1.0405714511871338
                ],
                [
                    0.0,
                    0.0,
                    0.0,
                    1.0
                ]
            ],
            "bar_euler_angles": [
                0.0,
                -0.0,
                0.0
            ],
            "bar_rig": {
                "2": {
                    "pos": [
                        -0.3708568215370178,
                        0.8625028729438782,
                        1.3141494989395142
                    ],
                    "size": [
                        0.024346066638827324
                    ],
                    "error": 0.0007142581744119525
                },
                "3": {
                    "pos": [
                        -0.38246920704841614,
                        0.8061742782592773,
                        1.516112208366394
                    ],
                    "size": [
                        0.02527148649096489
                    ],
                    "error": 0.0009447782067582011
                },
                "4": {
                    "pos": [
                        -0.3263821601867676,
                        0.793938159942627,
                        1.3136097192764282
                    ],
                    "size": [
                        0.02445279061794281
                    ],
                    "error": 0.0014665382914245129
                },
                "7": {
                    "pos": [
                        -0.3929189443588257,
                        0.822047233581543,
                        0.7680380940437317
                    ],
                    "size": [
                        0.024820171296596527
                    ],
                    "error": 0.000658628938253969
                },
                "1": {
                    "pos": [
                        -0.31154778599739075,
                        0.8500887155532837,
                        1.5155502557754517
                    ],