{
    "raw_data": [
        {
            "joint_conf": [
                3.202207088470459,
                -3.3610059223570765,
                0.33296424547304326,
                -1.5527563274702807,
                -3.930337731038229,
                0.18266910314559937
            ],
            "base_mocap_pose": [
                [
                    -1.8484013080596924,
                    -0.26010122895240784,
                    0.5373852849006653
                ],
                [
                    0.0033345224801450968,
                    -0.0032370921690016985,
                    0.6732842922210693,
                    -0.7393690943717957
                ]
            ],
            "footprint_base_link_pose": [
                [
                    -1.84721839427948,
                    -0.16235534846782684,
                    0.0028157830238342285
                ],
                [
                    -0.0010321070440113544,
                    0.002667325083166361,
                    0.730919361114502,
                    0.6824579238891602
                ]
            ],
            "world_from_bar_pose": [
                [
                    -0.9581616520881653,
                    0.3978158235549927,
                    0.29980388283729553
                ],
                [
                    0.0,
                    0.7071067811865475,
                    -0.0,
                    0.7071067811865476
                ]
            ],
            "bar_euler_angles": [
                0.0,
                1.5707963267948966,
                -0.0
            ],
            "bar_rig": {
                "1": {
                    "pos": [
                        -0.48278480768203735,
                        0.4250703454017639,
                        0.3126944899559021
                    ],
                    "size": [
                        0.023768426850438118
                    ],
                    "error": 0.0007312769303098321
                },
                "2": {
                    "pos": [
                        -0.6852179765701294,
                        0.37048351764678955,
                        0.32921701669692993
                    ],
                    "size": [
                        0.022213421761989594
                    ],
                    "error": 0.0011392658343538642
                },
                "3": {
                    "pos": [
                        -0.48487868905067444,
                        0.35615378618240356,
                        0.26737701892852783
                    ],
                    "size": [
                        0.020893609151244164
                    ],
                    "error": 0.00154079869389534
                },
                "4": {
                    "pos": [
                        -0.6859031319618225,
                        0.41806742548942566,
                        0.26165321469306946
                    ],
                    "size": [
                        0.02010391093790531
                    ],
                    "error": 0.0014849809231236577
                },
                "5": {
                    "pos": [
                        -1.4329184293746948,
                        0.3985094130039215,
                        0.3509528338909149
                    ],
                    "size": [
                        0.0221940316259861
                    ],
                    "error": 0.0007506054826080799
                },
                "6": {
                    "pos": [
                        -1.4340084791183472,
                        0.4142090976238251,
                        0.27090710401535034
                    ],
                    "size": [
                        0.021991776302456856
                    ],
                    "error": 0.0006804958684369922
                },
                "7": {
                    "pos": [
                        -1.232384204864502,
                        0.36297985911369324,
                        0.3007828891277313
                    ],
                    "size": [
                        0.021623745560646057
                    ],
                    "error": 0.0012542533222585917
                },
                "8": {
                    "pos": [
                        -1.2308223247528076,
                        0.44378146529197693,
                        0.3141305446624756
                    ],
                    "size": [
                        0.022724565118551254
                    ],
                    "error": 0.0007227188325487077
                }
            },
            "theta_index": 7,
            "theta_partition": 8
        },
        {
            "joint_conf": [
                3.8893066956153723,
                -3.3602774872588683,
                0.3643006063030759,
                -1.1101552311443037,
                -5.250207506798297,
                2.2183098733455417
            ],
            "base_mocap_pose": [
                [
                    -1.8484727144241333,
                    -0.2589099109172821,
                    0.5375400185585022
                ],
                [
                    0.004243780858814716,
                    -0.0022258569952100515,
                    0.6733155846595764,
                    -0.7393397092819214
                ]
            ],
            "footprint_base_link_pose": [
                [
                    -1.847145676612854,
                    -0.16259965300559998,
                    0.0027057528495788574
                ],
                [
                    -0.002037215745076537,
                    0.0035502726677805185,
                    0.7308865785598755,
                    0.6824866533279419
                ]
            ],
            "world_from_bar_pose": [
                [
                    -0.9830026030540466,
                    0.7828040719032288,
                    0.35535740852355957
                ],
                [
                    0.7071067811865475,
                    0.0,
                    0.0,
                    0.7071067811865476
                ]
            ],
            "bar_euler_angles": [
                1.5707963267948963,
                -0.0,
                0.0
            ],
            "bar_rig": {
                "1": {
                    "pos": [
                        -0.9539684653282166,
                        0.3090588450431824,
                        0.3689800798892975
                    ],
                    "size": [
                        0.02359447441995144
                    ],
                    "error": 0.000660486810375005
                },
                "2": {
                    "pos": [
                        -1.0087225437164307,
                        0.511354923248291,
                        0.382982075214386
                    ],
                    "size": [
                        0.023501554504036903
                    ],
                    "error": 0.0006988757522776723
                },
                "3": {
                    "pos": [
                        -1.022189736366272,
                        0.3101092576980591,
                        0.3227897584438324
                    ],
                    "size": [
                        0.022051842883229256
                    ],
                    "error": 0.0014168532798066735
                },
                "4": {
                    "pos": [
                        -0.9615396857261658,
                        0.5118974447250366,
                        0.31637370586395264
                    ],
                    "size": [
                        0.021015116944909096
                    ],
                    "error": 0.0017327590612694621
                },