{
    "raw_data": [
        {
            "joint_conf": [
                2.966505113211465,
                -3.22692800866651,
                0.982258322370312,
                -4.036375879184416,
                -2.2295616072518523,
                3.1516329685564646
            ],
            "base_mocap_pose": [
                [
                    2.3773796558380127,
                    0.8934794664382935,
                    0.5227395296096802
                ],
                [
                    0.0009804199216887355,
                    -0.0024822629056870937,
                    0.9738061428070068,
                    0.22736425697803497
                ]
            ],
            "footprint_base_link_pose": [
                [
                    2.4571855068206787,
                    0.8396152853965759,
                    -0.0120924711227417
                ],
                [
                    -0.00022902055934537202,
                    0.00440477579832077,
                    -0.2394964098930359,
                    0.9708872437477112
                ]
            ],
            "world_from_bar_pose": [
                [
                    2.2927722930908203,
                    -0.05282425880432129,
                    0.6852864623069763
                ],
                [
                    0.0,
                    0.0,
                    0.0,
                    1.0
                ]
            ],
            "bar_euler_angles": [
                0.0,
                -0.0,
                0.0
            ],
            "bar_rig": {
                "1": {
                    "pos": [
                        2.249408483505249,
                        -0.05654197931289673,
                        1.1587629318237305
                    ],
                    "size": [
                        0.023227831348776817
                    ],
                    "error": 0.0006786305457353592
                },
                "2": {
                    "pos": [
                        2.289945125579834,
                        -0.09762682765722275,
                        0.9566076993942261
                    ],
                    "size": [
                        0.023494236171245575
                    ],
                    "error": 0.000694616639520973
                },
                "3": {
                    "pos": [
                        2.3315420150756836,
                        -0.06018180027604103,
                        1.1589112281799316
                    ],
                    "size": [
                        0.022254478186368942
                    ],
                    "error": 0.0005169961950741708
                },
                "4": {
                    "pos": [
                        2.291741371154785,
                        -0.015720706433057785,
                        0.9572380781173706
                    ],
                    "size": [
                        0.02212134189903736
                    ],
                    "error": 0.0007012848509475589
                },
                "5": {
                    "pos": [
                        2.272916078567505,
                        -0.08847546577453613,
                        0.20884768664836884
                    ],
                    "size": [
                        0.02322060987353325
                    ],
                    "error": 0.0012074890546500683
                },
                "6": {
                    "pos": [
                        2.307297706604004,
                        -0.013734238222241402,
                        0.20870570838451385
                    ],
                    "size": [
                        0.02283407747745514
                    ],
                    "error": 0.0013470958219841123
                },
                "7": {
                    "pos": [
                        2.3279073238372803,
                        -0.06994973123073578,
                        0.4105488657951355
                    ],
                    "size": [
                        0.022155245766043663
                    ],
                    "error": 0.0005292757414281368
                },
                "8": {
                    "pos": [
                        2.253629207611084,
                        -0.034535001963377,
                        0.41106805205345154
                    ],
                    "size": [
                        0.023895805701613426
                    ],
                    "error": 0.0011565330205485225
                }
            },
            "theta_index": 2,
            "theta_partition": 8
        },
        {
            "joint_conf": [
                3.7671072764056794,
                -1.905569747958776,
                -1.0122301749119158,
                -1.7913772532749348,
                -1.5604022248592262,
                6.141280937905202
            ],
            "base_mocap_pose": [
                [
                    2.378450393676758,
                    0.893490731716156,
                    0.5228357911109924
                ],
                [
                    0.0020497452933341265,
                    -0.002251053461804986,
                    0.9738115072250366,
                    0.22733651101589203
                ]
            ],
            "footprint_base_link_pose": [
                [
                    2.4571430683135986,
                    0.8396682143211365,
                    -0.012161195278167725
                ],
                [
                    -0.0004504575044848025,
                    0.005417082458734512,
                    -0.23947066068649292,
                    0.9708883762359619
                ]
            ],
            "world_from_bar_pose": [
                [
                    2.7680625915527344,
                    0.02282094955444336,
                    1.2620747089385986
                ],
                [
                    0.7071067811865475,
                    0.0,
                    0.0,
                    0.7071067811865476
                ]
            ],
            "bar_euler_angles": [
                1.5707963267948963,
                -0.0,
                0.0
            ],
            "bar_rig": {
                "1": {
                    "pos": [
                        2.810922861099243,
                        -0.4559760093688965,
                        1.260332703590393
                    ],
                    "size": [
                        0.022930650040507317
                    ],
                    "error": 0.0004428616084624082
                },
                "2": {
                    "pos": [
                        2.7707407474517822,
                        -0.2540276348590851,
                        1.303078293800354
                    ],
                    "size": [
                        0.02234821952879429
                    ],
                    "error": 0.0005984015297144651
                },
                "3": {
                    "pos": [
                        2.7287821769714355,
                        -0.45619505643844604,
                        1.2644089460372925
                    ],
                    "size": [
                        0.021969446912407875
                    ],
                    "error": 0.0008988796034827828
                },
                "4": {
                    "pos": [
                        2.7694284915924072,
                        -0.2542249262332916,
                        1.2217446565628052
                    ],
                    "size": [
                        0.022457944229245186
                    ],
                    "error": 0.0012142006307840347
                },
                "5": {
                    "pos": [
                        2.788983106613159,
                        0.4943685531616211,
                        1.300229549407959
                    ],