{
    "raw_data": [
        {
            "joint_conf": [
                4.850374951782224,
                -2.234403328854106,
                -2.0668878878664216,
                1.1757853684478188,
                -3.9850579143534643,
                0.008245686210432888
            ],
            "base_mocap_pose": [
                [
                    -2.554811477661133,
                    1.3902679681777954,
                    0.5401948690414429
                ],
                [
                    0.0021980656310915947,
                    -0.0006020820001140237,
                    0.9130148887634277,
                    0.40791988372802734
                ]
            ],
            "footprint_base_link_pose": [
                [
                    -2.50331449508667,
                    1.3093127012252808,
                    0.005289733409881592
                ],
                [
                    -0.0014237022260203958,
                    0.006011791527271271,
                    -0.41929203271865845,
                    0.9078303575515747
                ]
            ],
            "world_from_bar_pose": [
                [
                    -1.7577465772628784,
                    0.6350669264793396,
                    0.5992387533187866
                ],
                [
                    0.0,
                    0.0,
                    0.0,
                    1.0
                ]
            ],
            "bar_euler_angles": [
                0.0,
                -0.0,
                0.0
            ],
            "bar_rig": {
                "1": {
                    "pos": [
                        -1.7434223890304565,
                        0.6620160937309265,
                        1.0721498727798462
                    ],
                    "size": [
                        0.02306314930319786
                    ],
                    "error": 0.000573948142118752
                },
                "2": {
                    "pos": [
                        -1.7939941883087158,
                        0.6338334083557129,
                        0.8702399134635925
                    ],
                    "size": [
                        0.022456355392932892
                    ],
                    "error": 0.0013112741289660335
                },
                "3": {
                    "pos": [
                        -1.7582850456237793,
                        0.5811269879341125,
                        1.0704635381698608
                    ],
                    "size": [
                        0.02284958027303219
                    ],
                    "error": 0.001319164875894785
                },
                "4": {
                    "pos": [
                        -1.7131096124649048,
                        0.6208915114402771,
                        0.8686838150024414
                    ],
                    "size": [
                        0.022845298051834106
                    ],
                    "error": 0.0008162395679391921
                },
                "5": {
                    "pos": [
                        -1.7936291694641113,
                        0.6686471104621887,
                        0.12197320908308029
                    ],
                    "size": [
                        0.022642403841018677
                    ],
                    "error": 0.0006026474293321371
                },
                "6": {
                    "pos": [
                        -1.7260183095932007,
                        0.624133825302124,
                        0.12069086730480194
                    ],
                    "size": [
                        0.02027972973883152
                    ],
                    "error": 0.0017565835732966661
                },
                "7": {
                    "pos": [
                        -1.7812931537628174,
                        0.6081844568252563,
                        0.322776198387146
                    ],
                    "size": [
                        0.021835939958691597
                    ],
                    "error": 0.001112169586122036
                },
                "8": {
                    "pos": [
                        -1.7349344491958618,
                        0.6757071614265442,
                        0.3238416016101837
                    ],
                    "size": [
                        0.02175435796380043
                    ],
                    "error": 0.0015584408538416028
                }
            },
            "theta_index": 0,
            "theta_partition": 8
        },
        {
            "joint_conf": [
                3.238193735516027,
                -2.6812847124652683,
                -0.8373697116510127,
                -0.5910874868067423,
                -5.241135084624506,
                -0.9353420545646296
            ],
            "base_mocap_pose": [
                [
                    -2.5579187870025635,
                    1.3906126022338867,
                    0.539625883102417
                ],
                [
                    -0.0007147655123844743,
                    -0.0016426551155745983,
                    0.9130947589874268,
                    0.40774354338645935
                ]
            ],
            "footprint_base_link_pose": [
                [
                    -2.5030932426452637,
                    1.3094404935836792,
                    0.0050980448722839355
                ],
                [
                    -0.0003439763095229864,
                    0.003103216178715229,
                    -0.41909363865852356,
                    0.9079376459121704
                ]
            ],
            "world_from_bar_pose": [
                [
                    -3.104457139968872,
                    0.509902834892273,
                    0.44707852602005005
                ],
                [
                    0.7071067811865475,
                    0.0,
                    0.0,
                    0.7071067811865476
                ]
            ],
            "bar_euler_angles": [
                1.5707963267948963,
                -0.0,
                0.0
            ],
            "bar_rig": {
                "1": {
                    "pos": [
                        -3.0925681591033936,
                        0.032323017716407776,
                        0.41739925742149353
                    ],
                    "size": [
                        0.020719964057207108
                    ],
                    "error": 0.0018318784423172474
                },
                "2": {
                    "pos": [
                        -3.077796459197998,
                        0.23453468084335327,
                        0.4728092551231384
                    ],
                    "size": [
                        0.02226538211107254
                    ],
                    "error": 0.0008605659822933376
                },
                "3": {
                    "pos": [
                        -3.137127161026001,
                        0.033584851771593094,
                        0.48547548055648804
                    ],
                    "size": [
                        0.022360747680068016
                    ],
                    "error": 0.0009244494140148163
                },
                "4": {
                    "pos": [
                        -3.1444709300994873,
                        0.23509827256202698,
                        0.4243989884853363
                    ],
                    "size": [
                        0.021653953939676285
                    ],
                    "error": 0.0005599004798568785
                },