{
    "raw_data": [
        {
            "joint_conf": [
                4.84674596786499,
                -2.6321917972960414,
                1.1420815626727503,
                -1.6372648678221644,
                -1.9315994421588343,
                -0.0014603773700159195
            ],
            "base_mocap_pose": [
                [
                    -2.04461932182312,
                    -0.7393348813056946,
                    0.5388644337654114
                ],
                [
                    0.0048229931853711605,
                    -0.001265955506823957,
                    0.9920989871025085,
                    -0.1253584772348404
                ]
            ],
            "footprint_base_link_pose": [
                [
                    -1.9521193504333496,
                    -0.729300320148468,
                    0.003455817699432373
                ],
                [
                    -0.002470207866281271,
                    0.007064491510391235,
                    0.11300130188465118,
                    0.993566632270813
                ]
            ],
            "world_from_bar_pose": [
                [
                    -1.4567136764526367,
                    -0.6406693458557129,
                    1.2166893482208252
                ],
                [
                    0.0,
                    0.0,
                    0.0,
                    1.0
                ]
            ],
            "bar_euler_angles": [
                0.0,
                -0.0,
                0.0
            ],
            "bar_rig": {
                "1": {
                    "pos": [
                        -1.4613018035888672,
                        -0.6653680205345154,
                        1.6944407224655151
                    ],
                    "size": [
                        0.022627664729952812
                    ],
                    "error": 0.0010000981856137514
                },
                "2": {
                    "pos": [
                        -1.4135795831680298,
                        -0.6374384164810181,
                        1.4914567470550537
                    ],
                    "size": [
                        0.022682128474116325
                    ],
                    "error": 0.0011208041105419397
                },
                "3": {
                    "pos": [
                        -1.4455153942108154,
                        -0.5845494866371155,
                        1.6917803287506104
                    ],
                    "size": [
                        0.023621389642357826
                    ],
                    "error": 0.0007623110432177782
                },
                "4": {
                    "pos": [
                        -1.4935311079025269,
                        -0.6234850883483887,
                        1.4912769794464111
                    ],
                    "size": [
                        0.023404017090797424
                    ],
                    "error": 0.0005704822833649814
                },
                "5": {
                    "pos": [
                        -1.4215909242630005,
                        -0.6734828948974609,
                        0.7437267899513245
                    ],
                    "size": [
                        0.022537697106599808
                    ],
                    "error": 0.0007832128321751952
                },
                "6": {
                    "pos": [
                        -1.4894437789916992,
                        -0.6280643939971924,
                        0.7427562475204468
                    ],
                    "size": [
                        0.023412862792611122
                    ],
                    "error": 0.0008573075756430626
                },
                "7": {
                    "pos": [
                        -1.4309967756271362,
                        -0.6121031641960144,
                        0.9439731240272522
                    ],
                    "size": [
                        0.02228454500436783
                    ],
                    "error": 0.0013862875057384372
                },
                "8": {
                    "pos": [
                        -1.4782899618148804,
                        -0.6797817945480347,
                        0.9465357661247253
                    ],
                    "size": [
                        0.02342570573091507
                    ],
                    "error": 0.0010056596947833896
                }
            },
            "theta_index": 4,
            "theta_partition": 8
        },
        {
            "joint_conf": [
                3.9634391158976863,
                -3.514768557184292,
                1.7783138816286916,
                -1.390606367607908,
                -4.190084859402112,
                1.5824502426236795
            ],
            "base_mocap_pose": [
                [
                    -2.0450081825256348,
                    -0.7404626607894897,
                    0.538680374622345
                ],
                [
                    0.004268542397767305,
                    -0.0022789251524955034,
                    0.9920929074287415,
                    -0.1254122108221054
                ]
            ],
            "footprint_base_link_pose": [
                [
                    -1.952039122581482,
                    -0.7292546033859253,
                    0.003374934196472168
                ],
                [
                    -0.001451082294806838,
                    0.006495523266494274,
                    0.11303695291280746,
                    0.993568480014801
                ]
            ],
            "world_from_bar_pose": [
                [
                    -0.9676557779312134,
                    -0.9827083349227905,
                    0.8535550832748413
                ],
                [
                    0.7071067811865475,
                    0.0,
                    0.0,
                    0.7071067811865476
                ]
            ],
            "bar_euler_angles": [
                1.5707963267948963,
                -0.0,
                0.0
            ],
            "bar_rig": {
                "1": {
                    "pos": [
                        -0.9566918015480042,
                        -1.4596664905548096,
                        0.8786236047744751
                    ],
                    "size": [
                        0.022488322108983994
                    ],
                    "error": 0.0007178149535320699
                },
                "2": {
                    "pos": [
                        -1.006056785583496,
                        -1.2573179006576538,
                        0.8520914316177368
                    ],
                    "size": [
                        0.023046912625432014
                    ],
                    "error": 0.0006086881621740758
                },
                "3": {
                    "pos": [
                        -0.9728067517280579,
                        -1.4574122428894043,
                        0.7977848052978516
                    ],
                    "size": [
                        0.01992514729499817
                    ],
                    "error": 0.0022762257140129805
                },
                "4": {
                    "pos": [
                        -0.9251387715339661,
                        -1.256195306777954,
                        0.8371850848197937
                    ],
                    "size": [
                        0.021575400605797768
                    ],
                    "error": 0.0008425762644037604
                },