{
    "raw_data": [
        {
            "joint_conf": [
                -0.16648760540081783,
                -1.048134700180456,
                0.9997405113060088,
                0.832494526962415,
                -4.62484302786671,
                -1.4963091138506723
            ],
            "base_mocap_pose": [
                [
                    -0.028604120016098022,
                    0.2527206838130951,
                    0.5305981636047363
                ],
                [
                    -0.005553648341447115,
                    0.006933645345270634,
                    0.1523847132921219,
                    0.9882813096046448
                ]
            ],
            "footprint_base_link_pose": [
                [
                    -0.13213640451431274,
                    0.23107373714447021,
                    -0.0024279356002807617
                ],
                [
                    0.004735303111374378,
                    0.0018982506589964032,
                    0.9901339411735535,
                    -0.14003098011016846
                ]
            ],
            "world_from_bar_pose": [
                [
                    -0.6915355920791626,
                    0.8287290334701538,
                    0.6571393013000488
                ],
                [
                    0.0,
                    0.7071067811865475,
                    -0.0,
                    0.7071067811865476
                ]
            ],
            "bar_euler_angles": [
                0.0,
                1.5707963267948966,
                -0.0
            ],
            "bar_rig": {
                "1": {
                    "pos": [
                        -0.2167428880929947,
                        0.8683550357818604,
                        0.6821306943893433
                    ],
                    "size": [
                        0.02323155477643013
                    ],
                    "error": 0.0008234696579165757
                },
                "2": {
                    "pos": [
                        -0.4180007874965668,
                        0.80943763256073,
                        0.6940740346908569
                    ],
                    "size": [
                        0.02263510972261429
                    ],
                    "error": 0.0008523968863300979
                },
                "3": {
                    "pos": [
                        -0.21616588532924652,
                        0.797735333442688,
                        0.6391046047210693
                    ],
                    "size": [
                        0.021903719753026962
                    ],
                    "error": 0.0015582565683871508
                },
                "4": {
                    "pos": [
                        -0.41808223724365234,
                        0.8545253276824951,
                        0.6249328255653381
                    ],
                    "size": [
                        0.02205910161137581
                    ],
                    "error": 0.0013649958418682218
                },
                "5": {
                    "pos": [
                        -1.1669055223464966,
                        0.8201594352722168,
                        0.6902069449424744
                    ],
                    "size": [
                        0.02288060635328293
                    ],
                    "error": 0.0005714267026633024
                },
                "6": {
                    "pos": [
                        -1.1656795740127563,
                        0.8329673409461975,
                        0.6096248030662537
                    ],
                    "size": [
                        0.021782465279102325
                    ],
                    "error": 0.0012219493510201573
                },
                "7": {
                    "pos": [
                        -0.9638797044754028,
                        0.7873556613922119,
                        0.6479238271713257
                    ],
                    "size": [
                        0.022655470296740532
                    ],
                    "error": 0.001438767765648663
                },
                "8": {
                    "pos": [
                        -0.9646747708320618,
                        0.8686392903327942,
                        0.6583848595619202
                    ],
                    "size": [
                        0.02247493900358677
                    ],
                    "error": 0.001264307415112853
                }
            },
            "theta_index": 7,
            "theta_partition": 8
        },
        {
            "joint_conf": [
                0.07872379440737655,
                -0.24717781200223585,
                0.3399836423366785,
                -1.3251258458224775,
                -2.3031160684299956,
                -2.6486302568914546
            ],
            "base_mocap_pose": [
                [
                    -0.029049675911664963,
                    0.25308912992477417,
                    0.5306264758110046
                ],
                [
                    -0.006070054601877928,
                    0.00653033098205924,
                    0.1523437201976776,
                    0.9882873892784119
                ]
            ],
            "footprint_base_link_pose": [
                [
                    -0.13210299611091614,
                    0.23096075654029846,
                    -0.002490818500518799
                ],
                [
                    0.004345566499978304,
                    0.002416921081021428,
                    0.9901405572891235,
                    -0.13998889923095703
                ]
            ],
            "world_from_bar_pose": [
                [
                    -0.7550156116485596,
                    0.9189335107803345,
                    0.37451061606407166
                ],
                [
                    0.7071067811865475,
                    0.0,
                    0.0,
                    0.7071067811865476
                ]
            ],
            "bar_euler_angles": [
                1.5707963267948963,
                -0.0,
                0.0
            ],
            "bar_rig": {
                "1": {
                    "pos": [
                        -0.7165135741233826,
                        0.4463232457637787,
                        0.39533689618110657
                    ],
                    "size": [
                        0.023683493956923485
                    ],
                    "error": 0.0005516317905858159
                },
                "2": {
                    "pos": [
                        -0.7755755186080933,
                        0.6474135518074036,
                        0.4085081219673157
                    ],
                    "size": [
                        0.023777922615408897
                    ],
                    "error": 0.0008863176917657256
                },
                "3": {
                    "pos": [
                        -0.7864652276039124,
                        0.44533389806747437,
                        0.3522639274597168
                    ],
                    "size": [
                        0.02242298796772957
                    ],
                    "error": 0.0009838055120781064
                },
                "4": {
                    "pos": [
                        -0.7304337620735168,
                        0.6480759382247925,
                        0.33989420533180237
                    ],
                    "size": [
                        0.021119926124811172
                    ],
                    "error": 0.0020090872421860695
                },