{
    "arm_index": 1,
    "arm_name": "right",
    "tool0_link_name": "right_ur_arm_tool0",
    "tool0_from_punch_tip": {
        "position": [
            0.00353,
            -0.00027,
            0.11832
        ],
        "quaternion": [
            0.0,
            0.0,
            0.0,
            1.0
        ]
    },
    "takes": [
        {
            "timestamp": "2026-03-10T17:47:09.652559",
            "arm_index": 1,
            "arm_name": "right",
            "tool0_link_name": "right_ur_arm_tool0",
            "joint_conf": [
                1.5178117752075195,
                -3.1336661777892054,
                2.775730911885397,
                -1.30605302870784,
                0.026915695518255234,
                0.07858345657587051
            ],
            "base_pose": {
                "position": [
                    0.2061310112476349,
                    0.5237886905670166,
                    -0.005112111568450928
                ],
                "quaternion": [
                    -0.001449089264497161,
                    0.0007745131733827293,
                    0.9999903440475464,
                    -0.004072478506714106
                ]
            },
            "world_from_punch_tip": {
                "position": [
                    0.020242877304553986,
                    0.64871746301651,
                    0.9529995322227478
                ],
                "quaternion": [
                    0.2797498404979706,
                    0.24871096014976501,
                    -0.6670922040939331,
                    0.6441047787666321
                ]
            },
            "tool0_from_punch_tip": {
                "position": [
                    0.00353,
                    -0.00027,
                    0.11832
                ],
                "quaternion": [
                    0.0,
                    0.0,
                    0.0,
                    1.0
                ]
            }
        }
    ]
}