{
    "arm_index": 1,
    "arm_name": "right",
    "tool0_link_name": "right_ur_arm_tool0",
    "tool0_from_punch_tip": {
        "position": [
            0.00353,
            -0.00027,
            0.11832
        ],
        "quaternion": [
            0.0,
            0.0,
            0.0,
            1.0
        ]
    },
    "takes": [
        {
            "timestamp": "2026-03-10T18:00:08.688321",
            "arm_index": 1,
            "arm_name": "right",
            "tool0_link_name": "right_ur_arm_tool0",
            "joint_conf": [
                1.5177587270736694,
                -3.1337033710875453,
                2.7756970564471644,
                -1.3061024111560364,
                0.026883121579885483,
                0.07858773320913315
            ],
            "base_pose": {
                "position": [
                    0.20614507794380188,
                    0.5238345265388489,
                    -0.0049877166748046875
                ],
                "quaternion": [
                    -0.0015194484731182456,
                    0.0007586648571304977,
                    0.9999903440475464,
                    -0.0040445476770401
                ]
            },
            "world_from_punch_tip": {
                "position": [
                    0.020166529342532158,
                    0.6488191485404968,
                    0.9530870914459229
                ],
                "quaternion": [
                    0.2797242999076843,
                    0.24868562817573547,
                    -0.667130708694458,
                    0.6440857648849487
                ]
            },
            "tool0_from_punch_tip": {
                "position": [
                    0.00353,
                    -0.00027,
                    0.11832
                ],
                "quaternion": [
                    0.0,
                    0.0,
                    0.0,
                    1.0
                ]
            }
        }
    ]
}