{
    "tool0_from_punch_tip": {
        "position": [
            0.0038,
            0.0001,
            0.11896
        ],
        "quaternion": [
            0.0,
            0.0,
            0.0,
            1.0
        ]
    },
    "takes": [
        {
            "timestamp": "2026-02-12T15:15:14.198201",
            "arm_index": 0,
            "joint_conf": [
                -1.7765443960772913,
                -2.9435817203917445,
                -1.0682814121246338,
                -0.7012610596469422,
                1.258399486541748,
                -0.7188237349139612
            ],
            "base_pose": {
                "position": [
                    -0.2799002528190613,
                    -0.6010558605194092,
                    -0.0059531331062316895
                ],
                "quaternion": [
                    -0.0011453611077740788,
                    0.002294693375006318,
                    0.7157781720161438,
                    0.6983229517936707
                ]
            },
            "world_from_punch_tip": {
                "position": [
                    -0.012294575572013855,
                    0.24572008848190308,
                    0.5489819645881653
                ],
                "quaternion": [
                    0.8248616456985474,
                    0.21800877153873444,
                    0.49719399213790894,
                    0.1577136367559433
                ]
            },
            "tool0_from_punch_tip": {
                "position": [
                    0.0038,
                    0.0001,
                    0.11896
                ],
                "quaternion": [
                    0.0,
                    0.0,
                    0.0,
                    1.0
                ]
            }
        }
    ]
}