{
    "raw_data": [
        {
            "joint_conf": [
                -5.568909378920837,
                -0.3626254768118075,
                -1.3928794319729572,
                0.1826147249098535,
                1.5780831147208936,
                3.961362249898386
            ],
            "base_mocap_pose": [
                [
                    2.5797977447509766,
                    0.13823407888412476,
                    0.5263037085533142
                ],
                [
                    0.0018236017785966396,
                    0.000866576679982245,
                    -0.03084690496325493,
                    -0.9995220899581909
                ]
            ],
            "footprint_base_link_pose": [
                [
                    2.482963800430298,
                    0.14557236433029175,
                    -0.008382678031921387
                ],
                [
                    -0.003426572075113654,
                    -0.0016339004505425692,
                    0.9998242855072021,
                    -0.018354911357164383
                ]
            ],
            "world_from_bar_pose": [
                [
                    1.6998460292816162,
                    0.3473708927631378,
                    1.3016437292099
                ],
                [
                    0.0,
                    0.7071067811865475,
                    -0.0,
                    0.7071067811865476
                ]
            ],
            "bar_euler_angles": [
                0.0,
                1.5707963267948966,
                -0.0
            ],
            "bar_rig": {
                "1": {
                    "pos": [
                        1.2202470302581787,
                        0.3686605393886566,
                        1.2726271152496338
                    ],
                    "size": [
                        0.02201029285788536
                    ],
                    "error": 0.0016252181958407164
                },
                "2": {
                    "pos": [
                        1.4211502075195312,
                        0.3119252920150757,
                        1.2973308563232422
                    ],
                    "size": [
                        0.0256971288472414
                    ],
                    "error": 0.000799153174739331
                },
                "3": {
                    "pos": [
                        1.2185884714126587,
                        0.33572086691856384,
                        1.3484476804733276
                    ],
                    "size": [
                        0.024036237969994545
                    ],
                    "error": 0.0007362510077655315
                },
                "4": {
                    "pos": [
                        1.4223213195800781,
                        0.38857489824295044,
                        1.3277181386947632
                    ],
                    "size": [
                        0.02417185716331005
                    ],
                    "error": 0.0009556695003993809
                },
                "5": {
                    "pos": [
                        2.1698741912841797,
                        0.3147016167640686,
                        1.28562593460083
                    ],
                    "size": [
                        0.024774691089987755
                    ],
                    "error": 0.0012137272860854864
                },
                "6": {
                    "pos": [
                        2.1702511310577393,
                        0.37244632840156555,
                        1.3442480564117432
                    ],
                    "size": [
                        0.024025648832321167
                    ],
                    "error": 0.0013086858671158552
                },
                "7": {
                    "pos": [
                        1.9679814577102661,
                        0.31586238741874695,
                        1.342820405960083
                    ],
                    "size": [
                        0.02579561620950699
                    ],
                    "error": 0.0016826908104121685
                },
                "8": {
                    "pos": [
                        1.9675488471984863,
                        0.3746960163116455,
                        1.2865036725997925
                    ],
                    "size": [
                        0.021348748356103897
                    ],
                    "error": 0.0018152364064007998
                }
            },
            "theta_index": 4,
            "theta_partition": 8
        },
        {
            "joint_conf": [
                -3.2636618677591227,
                -2.7800772953742117,
                -0.6385377486134117,
                -1.378343777227711,
                2.3550610064338717,
                3.021877089672955
            ],
            "base_mocap_pose": [
                [
                    2.581418514251709,
                    0.1396714597940445,
                    0.5259783267974854
                ],
                [
                    0.0035642331931740046,
                    -0.0013792384415864944,
                    -0.031176377087831497,
                    -0.9995065927505493
                ]
            ],
            "footprint_base_link_pose": [
                [
                    2.48223876953125,
                    0.14503301680088043,
                    -0.008317172527313232
                ],
                [
                    -0.0012043991591781378,
                    0.00011399763752706349,
                    0.9998239278793335,
                    -0.018724678084254265
                ]
            ],
            "world_from_bar_pose": [
                [
                    2.1212236881256104,
                    0.9903426170349121,
                    0.3741772174835205
                ],
                [
                    0.7071067811865475,
                    0.0,
                    0.0,
                    0.7071067811865476
                ]
            ],
            "bar_euler_angles": [
                1.5707963267948963,
                -0.0,
                0.0
            ],
            "bar_rig": {
                "1": {
                    "pos": [
                        2.127067804336548,
                        1.4673610925674438,
                        0.4025268256664276
                    ],
                    "size": [
                        0.022579913958907127
                    ],
                    "error": 0.000880081148352474
                },
                "2": {
                    "pos": [
                        2.149918794631958,
                        1.2661808729171753,
                        0.34774383902549744
                    ],
                    "size": [
                        0.021879954263567924
                    ],
                    "error": 0.0018500129226595163
                },
                "3": {
                    "pos": [
                        2.096634864807129,
                        1.466315746307373,
                        0.3259660601615906
                    ],
                    "size": [
                        0.020538711920380592
                    ],
                    "error": 0.0019248006865382195
                },
                "4": {
                    "pos": [
                        2.0735342502593994,
                        1.2651915550231934,
                        0.38015216588974
                    ],
                    "size": [
                        0.023035461083054543
                    ],
                    "error": 0.0006900393054820597
                },