{
    "raw_data": [
        {
            "joint_conf": [
                -2.52182710464411,
                -2.392801986588366,
                -1.4662849770601836,
                -5.5607791502458666,
                1.6360178836982773,
                4.718974460833198
            ],
            "base_mocap_pose": [
                [
                    -2.2903494834899902,
                    1.5329852104187012,
                    0.5302543044090271
                ],
                [
                    0.00011286154767731205,
                    -0.0035938837099820375,
                    0.9460306763648987,
                    0.3240571618080139
                ]
            ],
            "footprint_base_link_pose": [
                [
                    -2.221896171569824,
                    1.4650799036026,
                    -0.004557967185974121
                ],
                [
                    0.0012547742808237672,
                    0.0037458916194736958,
                    -0.3358243703842163,
                    0.9419163465499878
                ]
            ],
            "world_from_bar_pose": [
                [
                    -2.0893285274505615,
                    0.36798417568206787,
                    0.6480536460876465
                ],
                [
                    0.0,
                    0.7071067811865475,
                    -0.0,
                    0.7071067811865476
                ]
            ],
            "bar_euler_angles": [
                0.0,
                1.5707963267948966,
                -0.0
            ],
            "bar_rig": {
                "1": {
                    "pos": [
                        -2.5619757175445557,
                        0.38862162828445435,
                        0.6674184799194336
                    ],
                    "size": [
                        0.023233309388160706
                    ],
                    "error": 0.0012636601459234953
                },
                "2": {
                    "pos": [
                        -2.3601343631744385,
                        0.367769330739975,
                        0.611258864402771
                    ],
                    "size": [
                        0.02362183667719364
                    ],
                    "error": 0.0017425836995244026
                },
                "3": {
                    "pos": [
                        -2.562708616256714,
                        0.31375059485435486,
                        0.6344481706619263
                    ],
                    "size": [
                        0.02114872820675373
                    ],
                    "error": 0.0014495381619781256
                },
                "4": {
                    "pos": [
                        -2.359683036804199,
                        0.3359333276748657,
                        0.687475860118866
                    ],
                    "size": [
                        0.023197222501039505
                    ],
                    "error": 0.0009926974307745695
                },
                "5": {
                    "pos": [
                        -1.6118742227554321,
                        0.38471484184265137,
                        0.6143074035644531
                    ],
                    "size": [
                        0.02124960906803608
                    ],
                    "error": 0.0022979620844125748
                },
                "6": {
                    "pos": [
                        -1.6113783121109009,
                        0.3249262869358063,
                        0.6715545058250427
                    ],
                    "size": [
                        0.023377807810902596
                    ],
                    "error": 0.0010427472880110145
                },
                "7": {
                    "pos": [
                        -1.8137227296829224,
                        0.32664749026298523,
                        0.612727701663971
                    ],
                    "size": [
                        0.02354799024760723
                    ],
                    "error": 0.0008763251826167107
                },
                "8": {
                    "pos": [
                        -1.8133240938186646,
                        0.3809956908226013,
                        0.6749672293663025
                    ],
                    "size": [
                        0.024183835834264755
                    ],
                    "error": 0.0009206458344124258
                }
            },
            "theta_index": 2,
            "theta_partition": 8
        },
        {
            "joint_conf": [
                -0.9215090991746777,
                -1.9059776911519446,
                -0.9759934447228532,
                -4.173868071850558,
                1.5471767482430534,
                1.599005013120878
            ],
            "base_mocap_pose": [
                [
                    -2.2866079807281494,
                    1.533658742904663,
                    0.5311199426651001
                ],
                [
                    0.0031529886182397604,
                    -0.001986068906262517,
                    0.945876955986023,
                    0.324504017829895
                ]
            ],
            "footprint_base_link_pose": [
                [
                    -2.2218594551086426,
                    1.4651148319244385,
                    -0.004079997539520264
                ],
                [
                    -0.00039404499693773687,
                    0.006759093143045902,
                    -0.33626461029052734,
                    0.9417431950569153
                ]
            ],
            "world_from_bar_pose": [
                [
                    -1.6425461769104004,
                    1.065697431564331,
                    1.1196746826171875
                ],
                [
                    0.7071067811865475,
                    0.0,
                    0.0,
                    0.7071067811865476
                ]
            ],
            "bar_euler_angles": [
                1.5707963267948963,
                -0.0,
                0.0
            ],
            "bar_rig": {
                "1": {
                    "pos": [
                        -1.6084849834442139,
                        1.5401841402053833,
                        1.1101616621017456
                    ],
                    "size": [
                        0.022549200803041458
                    ],
                    "error": 0.0012456224067136645
                },
                "2": {
                    "pos": [
                        -1.6630395650863647,
                        1.3373247385025024,
                        1.08809232711792
                    ],
                    "size": [
                        0.023850489407777786
                    ],
                    "error": 0.002008117036893964
                },
                "3": {
                    "pos": [
                        -1.6843247413635254,
                        1.541147232055664,
                        1.140654444694519
                    ],
                    "size": [
                        0.02371501922607422
                    ],
                    "error": 0.0012054704129695892
                },
                "4": {
                    "pos": [
                        -1.631118893623352,
                        1.3386297225952148,
                        1.1650394201278687
                    ],
                    "size": [
                        0.024182355031371117
                    ],
                    "error": 0.0010928980773314834
                },