{
    "raw_data": [
        {
            "joint_conf": [
                -0.3899344815774748,
                -1.0257551487229157,
                0.5197237955765147,
                -2.615940579147535,
                0.48187043358784337,
                6.265694784781511
            ],
            "base_mocap_pose": [
                [
                    -2.472454309463501,
                    0.030194997787475586,
                    0.5280855894088745
                ],
                [
                    0.0017689240630716085,
                    -0.003156447084620595,
                    0.9994344115257263,
                    0.03343596309423447
                ]
            ],
            "footprint_base_link_pose": [
                [
                    -2.3783748149871826,
                    0.011941412463784218,
                    -0.00682908296585083
                ],
                [
                    -0.00013801267778035253,
                    0.004517186898738146,
                    -0.04588669165968895,
                    0.9989364743232727
                ]
            ],
            "world_from_bar_pose": [
                [
                    -1.872823715209961,
                    -0.5865971446037292,
                    1.170508623123169
                ],
                [
                    0.0,
                    0.0,
                    0.0,
                    1.0
                ]
            ],
            "bar_euler_angles": [
                0.0,
                -0.0,
                0.0
            ],
            "bar_rig": {
                "1": {
                    "pos": [
                        -1.9006688594818115,
                        -0.6054233312606812,
                        0.6949381828308105
                    ],
                    "size": [
                        0.02325238659977913
                    ],
                    "error": 0.0009681204683147371
                },
                "2": {
                    "pos": [
                        -1.876372218132019,
                        -0.5510700345039368,
                        0.8969410061836243
                    ],
                    "size": [
                        0.025361018255352974
                    ],
                    "error": 0.0009945479687303305
                },
                "3": {
                    "pos": [
                        -1.8251807689666748,
                        -0.5741462111473083,
                        0.6945921778678894
                    ],
                    "size": [
                        0.023171646520495415
                    ],
                    "error": 0.001340920920483768
                },
                "4": {
                    "pos": [
                        -1.8451423645019531,
                        -0.6283180713653564,
                        0.8975378274917603
                    ],
                    "size": [
                        0.022722333669662476
                    ],
                    "error": 0.0009205464739352465
                },
                "5": {
                    "pos": [
                        -1.887247085571289,
                        -0.560385525226593,
                        1.6452536582946777
                    ],
                    "size": [
                        0.0238377396017313
                    ],
                    "error": 0.0007357352878898382
                },
                "6": {
                    "pos": [
                        -1.827127456665039,
                        -0.6188638210296631,
                        1.6449240446090698
                    ],
                    "size": [
                        0.022181915119290352
                    ],
                    "error": 0.00018305497360415757
                },
                "7": {
                    "pos": [
                        -1.8307470083236694,
                        -0.5587679743766785,
                        1.442856788635254
                    ],
                    "size": [
                        0.023138556629419327
                    ],
                    "error": 0.0014257540460675955
                },
                "8": {
                    "pos": [
                        -1.8864574432373047,
                        -0.6190424561500549,
                        1.443547010421753
                    ],
                    "size": [
                        0.02339905872941017
                    ],
                    "error": 0.000739686016459018
                }
            },
            "theta_index": 0,
            "theta_partition": 8
        },
        {
            "joint_conf": [
                -1.682580418522228,
                -3.4456266762293652,
                1.9694807976911075,
                -4.795221174106306,
                -1.7742143085775168,
                4.715760188910702
            ],
            "base_mocap_pose": [
                [
                    -2.4712398052215576,
                    0.030742133036255836,
                    0.5282258987426758
                ],
                [
                    0.0029756876174360514,
                    -0.002569206990301609,
                    0.9994358420372009,
                    0.033355582505464554
                ]
            ],
            "footprint_base_link_pose": [
                [
                    -2.3785035610198975,
                    0.011884097009897232,
                    -0.006906330585479736
                ],
                [
                    -0.0007536249468103051,
                    0.005766988731920719,
                    -0.04580632224678993,
                    0.9989333748817444
                ]
            ],
            "world_from_bar_pose": [
                [
                    -1.396857738494873,
                    -0.22825995087623596,
                    0.6750472784042358
                ],
                [
                    0.7071067811865475,
                    0.0,
                    0.0,
                    0.7071067811865476
                ]
            ],
            "bar_euler_angles": [
                1.5707963267948963,
                -0.0,
                0.0
            ],
            "bar_rig": {
                "1": {
                    "pos": [
                        -1.420342206954956,
                        0.24503448605537415,
                        0.6551370024681091
                    ],
                    "size": [
                        0.023703020066022873
                    ],
                    "error": 0.0013110090512782335
                },
                "2": {
                    "pos": [
                        -1.3976542949676514,
                        0.0427740141749382,
                        0.7104094624519348
                    ],
                    "size": [
                        0.023710651323199272
                    ],
                    "error": 0.0012907132040709257
                },
                "3": {
                    "pos": [
                        -1.3447790145874023,
                        0.2446977198123932,
                        0.688215970993042
                    ],
                    "size": [
                        0.02359859272837639
                    ],
                    "error": 0.0007279834244400263
                },
                "4": {
                    "pos": [
                        -1.3675103187561035,
                        0.042071979492902756,
                        0.634268581867218
                    ],
                    "size": [
                        0.021986346691846848
                    ],
                    "error": 0.0006678403005935252
                },