{
    "raw_data": [
        {
            "joint_conf": [
                -3.850210968648092,
                -1.002101258640625,
                0.28452760377992803,
                -2.4355083904662074,
                0.6714167594909668,
                1.5728578567504883
            ],
            "base_mocap_pose": [
                [
                    2.5785818099975586,
                    0.13625654578208923,
                    0.5266385674476624
                ],
                [
                    4.648248796002008e-05,
                    0.0011092334752902389,
                    -0.031074266880750656,
                    -0.999516487121582
                ]
            ],
            "footprint_base_link_pose": [
                [
                    2.4819552898406982,
                    0.14546269178390503,
                    -0.008045971393585205
                ],
                [
                    -0.0036501367576420307,
                    -0.0034226139541715384,
                    0.999814510345459,
                    -0.01860012300312519
                ]
            ],
            "world_from_bar_pose": [
                [
                    2.1114892959594727,
                    -0.3783711791038513,
                    1.221994400024414
                ],
                [
                    0.7071067811865475,
                    0.0,
                    0.0,
                    0.7071067811865476
                ]
            ],
            "bar_euler_angles": [
                1.5707963267948963,
                -0.0,
                0.0
            ],
            "bar_rig": {
                "1": {
                    "pos": [
                        2.08675479888916,
                        0.10146976262331009,
                        1.208911657333374
                    ],
                    "size": [
                        0.023842506110668182
                    ],
                    "error": 0.0013274138327687979
                },
                "2": {
                    "pos": [
                        2.1088972091674805,
                        -0.10052827000617981,
                        1.2628505229949951
                    ],
                    "size": [
                        0.02435348555445671
                    ],
                    "error": 0.0015712287276983261
                },
                "3": {
                    "pos": [
                        2.162137746810913,
                        0.10244733840227127,
                        1.241634726524353
                    ],
                    "size": [
                        0.0221712626516819
                    ],
                    "error": 0.0014427478890866041
                },
                "4": {
                    "pos": [
                        2.1404824256896973,
                        -0.09975527971982956,
                        1.1878925561904907
                    ],
                    "size": [
                        0.02358156628906727
                    ],
                    "error": 0.0011176305124536157
                },
                "5": {
                    "pos": [
                        2.095174789428711,
                        -0.8489537835121155,
                        1.2541066408157349
                    ],
                    "size": [
                        0.02186286635696888
                    ],
                    "error": 0.0021840904373675585
                },
                "6": {
                    "pos": [
                        2.1539995670318604,
                        -0.8479924201965332,
                        1.1970512866973877
                    ],
                    "size": [
                        0.022991424426436424
                    ],
                    "error": 0.0012554754503071308
                },
                "7": {
                    "pos": [
                        2.152679920196533,
                        -0.6469041109085083,
                        1.255232810974121
                    ],
                    "size": [
                        0.022262247279286385
                    ],
                    "error": 0.001345883239991963
                },
                "8": {
                    "pos": [
                        2.0979549884796143,
                        -0.6469258069992065,
                        1.193235993385315
                    ],
                    "size": [
                        0.021649954840540886
                    ],
                    "error": 0.001762071973644197
                }
            },
            "theta_index": 0,
            "theta_partition": 8
        }
    ]
}