{
    "raw_data": [
        {
            "joint_conf": [
                -0.2863639095501419,
                -2.34848318599285,
                0.16176875167065494,
                -0.9438384021136315,
                -1.9533234371573052,
                4.725461975155127
            ],
            "base_mocap_pose": [
                [
                    -2.5644493103027344,
                    -1.4533611536026,
                    0.5274641513824463
                ],
                [
                    0.004553117789328098,
                    -0.0007528865244239569,
                    0.9404120445251465,
                    -0.3400057256221771
                ]
            ],
            "footprint_base_link_pose": [
                [
                    -2.4849154949188232,
                    -1.4039318561553955,
                    -0.007839560508728027
                ],
                [
                    -0.0033726145047694445,
                    0.005906029604375362,
                    0.3282648026943207,
                    0.9445613026618958
                ]
            ],
            "world_from_bar_pose": [
                [
                    -2.2406482696533203,
                    -0.8660621047019958,
                    1.2310757637023926
                ],
                [
                    0.0,
                    0.7071067811865475,
                    -0.0,
                    0.7071067811865476
                ]
            ],
            "bar_euler_angles": [
                0.0,
                1.5707963267948966,
                -0.0
            ],
            "bar_rig": {
                "1": {
                    "pos": [
                        -2.7154359817504883,
                        -0.8354147672653198,
                        1.2481353282928467
                    ],
                    "size": [
                        0.022869395092129707
                    ],
                    "error": 0.001644934294745326
                },
                "2": {
                    "pos": [
                        -2.5161664485931396,
                        -0.8583893775939941,
                        1.1943532228469849
                    ],
                    "size": [
                        0.02266930416226387
                    ],
                    "error": 0.001124082482419908
                },
                "3": {
                    "pos": [
                        -2.7174482345581055,
                        -0.91107177734375,
                        1.2159624099731445
                    ],
                    "size": [
                        0.022365352138876915
                    ],
                    "error": 0.0008698109886609018
                },
                "4": {
                    "pos": [
                        -2.5143425464630127,
                        -0.8903483748435974,
                        1.2714942693710327
                    ],
                    "size": [
                        0.022297659888863564
                    ],
                    "error": 0.0012017972767353058
                },
                "5": {
                    "pos": [
                        -1.7676193714141846,
                        -0.8483046293258667,
                        1.203728199005127
                    ],
                    "size": [
                        0.019597288221120834
                    ],
                    "error": 0.0024876906536519527
                },
                "6": {
                    "pos": [
                        -1.7660653591156006,
                        -0.9074037671089172,
                        1.2618353366851807
                    ],
                    "size": [
                        0.022258605808019638
                    ],
                    "error": 0.001210737507790327
                },
                "7": {
                    "pos": [
                        -1.969120740890503,
                        -0.9056010842323303,
                        1.202609896659851
                    ],
                    "size": [
                        0.021593621000647545
                    ],
                    "error": 0.0012867129407823086
                },
                "8": {
                    "pos": [
                        -1.9674698114395142,
                        -0.8498904705047607,
                        1.262966513633728
                    ],
                    "size": [
                        0.02390996925532818
                    ],
                    "error": 0.0010371672688052058
                }
            },
            "theta_index": 2,
            "theta_partition": 8
        },
        {
            "joint_conf": [
                -2.822092587660047,
                -1.1556201763502543,
                -2.3356118564522994,
                -0.519172141380958,
                -1.164414841526871,
                5.141055943794372
            ],
            "base_mocap_pose": [
                [
                    -2.5649499893188477,
                    -1.4557043313980103,
                    0.527100682258606
                ],
                [
                    0.0034326009918004274,
                    -0.0025584951508790255,
                    0.9403154850006104,
                    -0.3402770161628723
                ]
            ],
            "footprint_base_link_pose": [
                [
                    -2.4849812984466553,
                    -1.4040111303329468,
                    -0.007925868034362793
                ],
                [
                    -0.0015583456261083484,
                    0.004814790096133947,
                    0.32853206992149353,
                    0.94447922706604
                ]
            ],
            "world_from_bar_pose": [
                [
                    -2.196316719055176,
                    -1.4190871715545654,
                    1.0117695331573486
                ],
                [
                    0.7071067811865475,
                    0.0,
                    0.0,
                    0.7071067811865476
                ]
            ],
            "bar_euler_angles": [
                1.5707963267948963,
                -0.0,
                0.0
            ],
            "bar_rig": {
                "1": {
                    "pos": [
                        -2.1640684604644775,
                        -0.9463132619857788,
                        1.00603187084198
                    ],
                    "size": [
                        0.021044686436653137
                    ],
                    "error": 0.0015365222934633493
                },
                "2": {
                    "pos": [
                        -2.21907639503479,
                        -1.1475129127502441,
                        0.9843699932098389
                    ],
                    "size": [
                        0.022433847188949585
                    ],
                    "error": 0.0022340496070683002
                },
                "3": {
                    "pos": [
                        -2.2396514415740967,
                        -0.944186806678772,
                        1.0359206199645996
                    ],
                    "size": [
                        0.023413512855768204
                    ],
                    "error": 0.0009779662359505892
                },
                "4": {
                    "pos": [
                        -2.186281681060791,
                        -1.1470736265182495,
                        1.059677243232727
                    ],
                    "size": [
                        0.02285069040954113
                    ],
                    "error": 0.0012897535925731063
                },