{
    "base_frame_transformation_matrix": [
        [
            -0.9992267896051691,
            -0.019448306834374332,
            -0.034169949901111725,
            -0.0056399169511711835
        ],
        [
            0.037915936273041545,
            -0.7065952442657151,
            -0.7066006366032067,
            -0.1423360976368926
        ],
        [
            -0.010402149387784327,
            -0.7073491041847262,
            0.7067870647342794,
            0.027738352743622186
        ],
        [
            0.0,
            0.0,
            0.0,
            1.0
        ]
    ],
    "base_frame_origin": [
        -0.0056399169511711835,
        -0.1423360976368926,
        0.027738352743622186
    ],
    "base_frame_quaternion": [
        -0.012063958135822042,
        -0.38270197615016877,
        0.9236624246180478,
        0.015526300945699152
    ],
    "base_frame_axes": {
        "x_axis": [
            -0.9992267896051691,
            0.037915936273041545,
            -0.010402149387784327
        ],
        "y_axis": [
            -0.019448306834374332,
            -0.7065952442657151,
            -0.7073491041847262
        ],
        "z_axis": [
            -0.034169949901111725,
            -0.7066006366032067,
            0.7067870647342794
        ]
    },
    "j0_line": {
        "point": [
            -0.027445344654305735,
            -0.5982019875186353,
            0.48374219374850186
        ],
        "direction": [
            -0.03269831554871291,
            -0.7066557104770528,
            0.7068016178606614
        ]
    },
    "j1_line": {
        "point": [
            -0.16071629762508374,
            -0.251540123293406,
            0.14108976259673345
        ],
        "direction": [
            -0.9992267896051691,
            0.037915936273041545,
            -0.010402149387784327
        ]
    },
    "base_offset": 0.1625780727726376
}