{
    "base_mocap_from_left_ur_arm_base_link_inertia": [
        [
            -0.019448327925624963,
            0.9992267896051691,
            -0.03416994990111173,
            -0.005639916951171185
        ],
        [
            -0.7065960105523394,
            -0.037915936273041545,
            -0.7066006366032067,
            -0.14233609763689264
        ],
        [
            -0.7073498712888946,
            0.010402149387784327,
            0.7067870647342795,
            0.0277383527436222
        ],
        [
            0.0,
            0.0,
            0.0,
            1.0
        ]
    ],
    "j0_line": {
        "point": [
            -0.027445344654305735,
            -0.5982019875186353,
            0.4837421937485018
        ],
        "direction": [
            -0.03269831554871291,
            -0.7066557104770528,
            0.7068016178606614
        ]
    },
    "j1_line": {
        "point": [
            -0.16071629762508374,
            -0.251540123293406,
            0.14108976259673345
        ],
        "direction": [
            -0.9992267896051691,
            0.037915936273041545,
            -0.010402149387784327
        ]
    },
    "base_offset": 0.1625780727726376
}