{
    "base_mocap_from_arm_base_link": [
        [
            -0.0056399169511711835,
            -0.1423360976368926,
            0.027738352743622186
        ],
        [
            -0.012063958135822042,
            -0.38270197615016877,
            0.9236624246180478,
            0.015526300945699152
        ]
    ],
    "base_mocap_from_base_footprint": [
        [
            0.2531730830669403,
            0.2542986571788788,
            -0.20240814983844757
        ],
        [
            -0.5036332607269287,
            0.01201168168336153,
            0.7138487100601196,
            -0.48644575476646423
        ]
    ]
}