{
    "base_mocap_from_left_ur_arm_base_link_inertia": [
        [
            -0.0056399169511711835,
            -0.1423360976368926,
            0.027738352743622186
        ],
        [
            0.2620807732924642,
            -0.27914178458855693,
            0.642149281813741,
            0.6641067927925722
        ]
    ],
    "base_mocap_from_base_footprint": [
        [
            -0.1079176589846611,
            0.35194674134254456,
            -0.12224283069372177
        ],
        [
            0.7070410251617432,
            -0.017087336629629135,
            -0.00972769409418106,
            0.706899106502533
        ]
    ]
}