{
    "base_mocap_from_left_ur_arm_base_link_inertia": [
        [
            -0.005639916951171185,
            -0.14233609763689264,
            0.0277383527436222
        ],
        [
            0.2791417845885568,
            0.2620807732924641,
            -0.6641067927925722,
            0.6421492818137409
        ]
    ],
    "base_mocap_from_base_footprint": [
        [
            0.12751179933547974,
            0.0018236935138702393,
            -0.4608915448188782
        ],
        [
            -0.0052040028385818005,
            -0.00010029184340965003,
            0.9998067021369934,
            0.01896110363304615
        ]
    ]
}