{
    "raw_data": [
        {
            "left_EE_pose": [
                [
                    -2.16916823387146,
                    0.8549538850784302,
                    0.8431538343429565
                ],
                [
                    -0.2513698637485504,
                    -0.0055969227105379105,
                    -0.02799178473651409,
                    -0.9674700498580933
                ]
            ],
            "right_EE_pose": [
                [
                    -2.140577554702759,
                    0.4026906192302704,
                    0.8199862241744995
                ],
                [
                    -0.24965456128120422,
                    -0.0008228321676142514,
                    -0.03430040553212166,
                    -0.9677269458770752
                ]
            ]
        },
        {
            "left_EE_pose": [
                [
                    -2.1691298484802246,
                    0.8549624085426331,
                    0.8431635499000549
                ],
                [
                    -0.251373291015625,
                    -0.0055351536720991135,
                    -0.027895577251911163,
                    -0.9674723744392395
                ]
            ],
            "right_EE_pose": [
                [
                    -2.1405773162841797,
                    0.4026903510093689,
                    0.819982647895813
                ],
                [
                    -0.2496219128370285,
                    -0.0010173856280744076,
                    -0.034298475831747055,
                    -0.9677352905273438
                ]
            ]
        },
        {
            "left_EE_pose": [
                [
                    -2.169159173965454,
                    0.8549575209617615,
                    0.8431437611579895
                ],
                [
                    -0.25135377049446106,
                    -0.005630015395581722,
                    -0.02794421836733818,
                    -0.9674754738807678
                ]
            ],
            "right_EE_pose": [
                [
                    -2.140575885772705,
                    0.4026806652545929,
                    0.8199794292449951
                ],
                [
                    -0.24964894354343414,
                    -0.0008160360739566386,
                    -0.034432340413331985,
                    -0.9677237868309021
                ]
            ]
        },
        {
            "left_EE_pose": [
                [
                    -2.1690449714660645,
                    0.8550189733505249,
                    0.8432485461235046
                ],
                [
                    -0.24991993606090546,
                    -0.006871537771075964,
                    -0.030500119552016258,
                    -0.9677616953849792
                ]
            ],
            "right_EE_pose": [
                [
                    -2.1405999660491943,
                    0.4026726484298706,
                    0.8199355006217957
                ],
                [
                    -0.24968291819095612,
                    -0.0008360058418475091,
                    -0.0343569740653038,
                    -0.9677176475524902
                ]
            ]
        },
        {
            "left_EE_pose": [
                [
                    -2.16902756690979,
                    0.8548851609230042,
                    0.8428472280502319
                ],
                [
                    -0.25118857622146606,
                    -0.005767099093645811,
                    -0.02563088946044445,
                    -0.967581570148468
                ]
            ],
            "right_EE_pose": [
                [
                    -2.140705108642578,
                    0.4026870131492615,
                    0.8195154070854187
                ],
                [
                    -0.25010353326797485,
                    -0.0013297711266204715,
                    -0.03448854759335518,
                    -0.9676038026809692
                ]
            ]
        },
        {
            "left_EE_pose": [
                [
                    -2.1687071323394775,
                    0.8548955321311951,
                    0.842925488948822
                ],
                [
                    -0.24966953694820404,
                    -0.010048105381429195,
                    -0.032623931765556335,
                    -0.9677292108535767
                ]
            ],
            "right_EE_pose": [
                [
                    -2.140718698501587,
                    0.40266886353492737,
                    0.8193268179893494
                ],
                [
                    -0.2503129839897156,
                    -0.0013416969450190663,
                    -0.03434576094150543,
                    -0.9675546288490295
                ]
            ]
        },
        {
            "left_EE_pose": [
                [
                    -2.1684110164642334,
                    0.8548501133918762,
                    0.8426245450973511
                ],
                [
                    -0.24963486194610596,
                    -0.009696027263998985,
                    -0.031133517622947693,
                    -0.9677909016609192
                ]
            ],
            "right_EE_pose": [
                [
                    -2.140737771987915,
                    0.40266984701156616,
                    0.818877637386322
                ],
                [
                    -0.25060880184173584,
                    -0.001420518266968429,
                    -0.034500766545534134,
                    -0.9674724340438843
                ]
            ]
        },
        {
            "left_EE_pose": [
                [
                    -2.16837477684021,
                    0.8548439741134644,
                    0.8425260782241821
                ],
                [
                    -0.24965400993824005,
                    -0.00947822630405426,
                    -0.03127666190266609,
                    -0.9677834510803223
                ]
            ],
            "right_EE_pose": [
                [
                    -2.1407711505889893,
                    0.40264302492141724,
                    0.8186912536621094
                ],
                [
                    -0.25065046548843384,
                    -0.0015036140102893114,
                    -0.03449011966586113,
                    -0.967461884021759
                ]
            ]
        },
        {
            "left_EE_pose": [
                [
                    -2.1683285236358643,
                    0.8548401594161987,
                    0.8424762487411499
                ],
                [
                    -0.24972938001155853,
                    -0.009667635895311832,
                    -0.031338512897491455,
                    -0.9677602052688599
                ]
            ],
            "right_EE_pose": [
                [
                    -2.1425650119781494,
                    0.4021383821964264,
                    0.8180675506591797
                ],
                [
                    -0.24829253554344177,
                    -0.018002798780798912,
                    -0.02865574322640896,
                    -0.9680938124656677
                ]
            ]
        },
        {
            "left_EE_pose": [
                [
                    -2.168307304382324,
                    0.8548372387886047,
                    0.842415452003479
                ],
                [
                    -0.249788299202919,
                    -0.00951132271438837,
                    -0.03140788525342941,
                    -0.9677442312240601
                ]
            ],