{
    "raw_data": [
        {
            "left_EE_pose": [
                [
                    -2.168912649154663,
                    0.8549374938011169,
                    0.8430257439613342
                ],
                [
                    -0.2508182227611542,
                    -0.005827849730849266,
                    -0.026054199784994125,
                    -0.96766597032547
                ]
            ],
            "right_EE_pose": [
                [
                    -2.140491247177124,
                    0.40268784761428833,
                    0.8199601769447327
                ],
                [
                    -0.24961988627910614,
                    -0.0008473137277178466,
                    -0.034370772540569305,
                    -0.9677334427833557
                ]
            ]
        },
        {
            "left_EE_pose": [
                [
                    -2.1688389778137207,
                    0.8550015091896057,
                    0.8430415987968445
                ],
                [
                    -0.24958723783493042,
                    -0.0068379552103579044,
                    -0.028500672429800034,
                    -0.9679086208343506
                ]
            ],
            "right_EE_pose": [
                [
                    -2.1406190395355225,
                    0.4026659429073334,
                    0.8197081089019775
                ],
                [
                    -0.2498292773962021,
                    -0.0012709518196061254,
                    -0.034387342631816864,
                    -0.9676783084869385
                ]
            ]
        },
        {
            "left_EE_pose": [
                [
                    -2.169055461883545,
                    0.8548969030380249,
                    0.8427375555038452
                ],
                [
                    -0.2513592541217804,
                    -0.005894870962947607,
                    -0.025772251188755035,
                    -0.9675326943397522
                ]
            ],
            "right_EE_pose": [
                [
                    -2.1407833099365234,
                    0.40262553095817566,
                    0.8192790746688843
                ],
                [
                    -0.25038784742355347,
                    -0.0012792794732376933,
                    -0.034087445586919785,
                    -0.9675445556640625
                ]
            ]
        },
        {
            "left_EE_pose": [
                [
                    -2.1683006286621094,
                    0.8545968532562256,
                    0.8378853797912598
                ],
                [
                    -0.253666490316391,
                    -0.001783165498636663,
                    -0.037926048040390015,
                    -0.966546356678009
                ]
            ],
            "right_EE_pose": [
                [
                    -2.1411309242248535,
                    0.4025019705295563,
                    0.8109113574028015
                ],
                [
                    -0.2539508640766144,
                    -0.0001912104053189978,
                    -0.03268929570913315,
                    -0.9666646122932434
                ]
            ]
        },
        {
            "left_EE_pose": [
                [
                    -2.167689800262451,
                    0.8544216752052307,
                    0.8372233510017395
                ],
                [
                    -0.2559053599834442,
                    -0.00127118150703609,
                    -0.014546263962984085,
                    -0.9665915966033936
                ]
            ],
            "right_EE_pose": [
                [
                    -2.141362190246582,
                    0.40227627754211426,
                    0.8095876574516296
                ],
                [
                    -0.2565845251083374,
                    0.00374408345669508,
                    -0.028012601658701897,
                    -0.966108500957489
                ]
            ]
        },
        {
            "left_EE_pose": [
                [
                    -2.1676981449127197,
                    0.8544736504554749,
                    0.8370782732963562
                ],
                [
                    -0.2560061812400818,
                    -0.0010333864483982325,
                    -0.016336552798748016,
                    -0.9665365219116211
                ]
            ],
            "right_EE_pose": [
                [
                    -2.1411936283111572,
                    0.4022977352142334,
                    0.8092911243438721
                ],
                [
                    -0.2570587992668152,
                    0.002193097723647952,
                    -0.029057973995804787,
                    -0.9659563302993774
                ]
            ]
        },
        {
            "left_EE_pose": [
                [
                    -2.16737699508667,
                    0.8545367121696472,
                    0.8368227481842041
                ],
                [
                    -0.2562755048274994,
                    -0.0035891493316739798,
                    -0.019573600962758064,
                    -0.9663988947868347
                ]
            ],
            "right_EE_pose": [
                [
                    -2.141205072402954,
                    0.40226760506629944,
                    0.8088688254356384
                ],
                [
                    -0.2572195827960968,
                    0.0037587606348097324,
                    -0.02639412321150303,
                    -0.9659852385520935
                ]
            ]
        },
        {
            "left_EE_pose": [
                [
                    -2.1671786308288574,
                    0.8545920252799988,
                    0.8368462324142456
                ],
                [
                    -0.2565517723560333,
                    -0.0030679625924676657,
                    -0.018461080268025398,
                    -0.9663493633270264
                ]
            ],
            "right_EE_pose": [
                [
                    -2.1411216259002686,
                    0.40229615569114685,
                    0.8087935447692871
                ],
                [
                    -0.25745514035224915,
                    0.0040338048711419106,
                    -0.026617154479026794,
                    -0.9659152030944824
                ]
            ]
        },
        {
            "left_EE_pose": [
                [
                    -2.167686939239502,
                    0.8555658459663391,
                    0.8365118503570557
                ],
                [
                    -0.2555566430091858,
                    -0.0027287863194942474,
                    -0.019999857991933823,
                    -0.9665833711624146
                ]
            ],
            "right_EE_pose": [
                [
                    -2.1406261920928955,
                    0.4034152626991272,
                    0.8092683553695679
                ],
                [
                    -0.2539094388484955,
                    -0.0009308066219091415,
                    -0.03559483215212822,
                    -0.9665724635124207
                ]
            ]
        },
        {
            "left_EE_pose": [
                [
                    -2.167562246322632,
                    0.8559283018112183,
                    0.8358433842658997
                ],
                [
                    -0.2548833191394806,
                    -0.003965702839195728,
                    -0.02002476342022419,
                    -0.9667563438415527
                ]
            ],