{
    "base_mocap_from_arm_base_link": [
        [
            -0.9999448545682632,
            -0.003900597853382766,
            0.009750546405859619,
            0.389697122529531
        ],
        [
            0.0038493581308089784,
            -0.9999785939304222,
            -0.005268364319317587,
            -0.002796760387950372
        ],
        [
            0.009770888620573863,
            -0.005230539824340675,
            0.9999385837051123,
            0.35639544211661334
        ],
        [
            0.0,
            0.0,
            0.0,
            1.0
        ]
    ],
    "j0_line": {
        "point": [
            0.39588436598171134,
            -0.006662186136301595,
            0.9992511451672315
        ],
        "direction": [
            0.009262237791553848,
            -0.005266483917222429,
            0.9999432359380418
        ]
    },
    "j1_line": {
        "point": [
            0.5238492301755753,
            -0.004164649115107832,
            0.5178674987855865
        ],
        "direction": [
            -0.9999448545682632,
            0.0038493581308089784,
            0.009770888620573863
        ]
    },
    "base_offset": 0.16277742194953954
}