{
    "base_mocap_from_arm_base": [
        [
            0.38944175839424133,
            -0.003191530704498291,
            0.35591888427734375
        ],
        [
            0.0046167741529643536,
            -0.0029867354314774275,
            0.9999821186065674,
            0.0023630026262253523
        ]
    ],
    "base_mocap_from_base_footprint": [
        [
            -0.00259321928024292,
            0.0008169766515493393,
            -0.004464536905288696
        ],
        [
            0.002986735897138715,
            0.004616773221641779,
            -0.0023630254436284304,
            0.9999821186065674
        ]
    ]
}