{
    "base_mocap_from_arm_base_link": [
        [
            0.389697122529531,
            -0.002796760387950372,
            0.35639544211661334
        ],
        [
            0.004880442925328525,
            -0.002624771303043934,
            0.9999827538767603,
            0.0019375224107982124
        ]
    ],
    "base_mocap_from_base_footprint": [
        [
            -0.0025306642055511475,
            0.0006171879358589649,
            -0.0037842392921447754
        ],
        [
            0.002624771324917674,
            0.004880442749708891,
            -0.0019375457195565104,
            0.9999827742576599
        ]
    ]
}