{
    "servoing_data": [
        {
            "before_exe_footprint_pose": [
                "[ 2.24742675 -0.69807816 -0.01122439]",
                "[ 1.40691671e-04  5.83258318e-03 -6.38477458e-03  9.99962628e-01]"
            ],
            "after_exe_footprint_pose": [
                "[ 2.24744678 -0.69805378 -0.01099259]",
                "[-9.21009167e-04  6.41660718e-03 -6.35339459e-03  9.99958813e-01]"
            ],
            "observed_world_from_tool0": [
                [
                    3.0639922618865967,
                    -0.5539440512657166,
                    1.2783317565917969
                ],
                [
                    0.4998305141925812,
                    -0.49917513132095337,
                    0.5002302527427673,
                    0.5007628202438354
                ]
            ],
            "ideal_world_from_tool0": [
                [
                    3.0624852180480957,
                    -0.5567663908004761,
                    1.2793748378753662
                ],
                [
                    -0.5,
                    0.5,
                    -0.5,
                    -0.5
                ]
            ],
            "world_from_tool0_pos_distance": 0.0033652340401171214,
            "world_from_tool0_axis_angles": [
                0.13266288232987955,
                0.06842732505633001,
                0.11408843805363718
            ]
        },
        {
            "before_exe_footprint_pose": [
                "[ 2.24722505 -0.69801468 -0.0109635 ]",
                "[-9.33832955e-04  6.61004195e-03 -6.55491138e-03  9.99956250e-01]"
            ],
            "after_exe_footprint_pose": [
                "[ 2.24726176 -0.69803798 -0.01095277]",
                "[-9.59234720e-04  6.56210259e-03 -6.49329275e-03  9.99956906e-01]"
            ],
            "observed_world_from_tool0": [
                [
                    3.0627150535583496,
                    -0.5568801164627075,
                    1.2791659832000732
                ],
                [
                    0.4999837875366211,
                    -0.4999780058860779,
                    0.49987637996673584,
                    0.5001617670059204
                ]
            ],
            "ideal_world_from_tool0": [
                [
                    3.0624852180480957,
                    -0.5567663908004761,
                    1.2793748378753662
                ],
                [
                    -0.5,
                    0.5,
                    -0.5,
                    -0.5
                ]
            ],
            "world_from_tool0_pos_distance": 0.0003307236964830093,
            "world_from_tool0_axis_angles": [
                0.017246797942005617,
                0.0231292200074362,
                0.016606788056079503
            ]
        },
        {
            "before_exe_footprint_pose": [
                "[ 2.2472682  -0.6980527  -0.01094455]",
                "[-9.41083417e-04  6.55832700e-03 -6.49796613e-03  9.99956965e-01]"
            ],
            "after_exe_footprint_pose": [
                "[ 2.24728203 -0.69804633 -0.01095867]",
                "[-9.83086065e-04  6.56134030e-03 -6.53117150e-03  9.99956667e-01]"
            ],
            "observed_world_from_tool0": [
                [
                    3.0625147819519043,
                    -0.5567747950553894,
                    1.2793622016906738
                ],
                [
                    0.4999687671661377,
                    -0.500007152557373,
                    0.4999935030937195,
                    0.5000305771827698
                ]
            ],
            "ideal_world_from_tool0": [
                [
                    3.0624852180480957,
                    -0.5567663908004761,
                    1.2793748378753662
                ],
                [
                    -0.5,
                    0.5,
                    -0.5,
                    -0.5
                ]
            ],
            "world_from_tool0_pos_distance": 3.323144704390747e-05,
            "world_from_tool0_axis_angles": [
                0.0027604190731870754,
                0.004324162502758027,
                0.005129035499773849
            ]
        },
        {
            "before_exe_footprint_pose": [
                "[ 2.24727488 -0.69802415 -0.01097542]",
                "[-9.59519122e-04  6.57599000e-03 -6.50710752e-03  9.99956727e-01]"
            ],
            "after_exe_footprint_pose": [
                "[ 2.24727416 -0.69802666 -0.01095831]",
                "[-9.93106281e-04  6.57809991e-03 -6.49383292e-03  9.99956846e-01]"
            ],
            "observed_world_from_tool0": [
                [
                    3.0625107288360596,
                    -0.5566607117652893,
                    1.2793450355529785
                ],
                [
                    0.500022292137146,
                    -0.4999680519104004,
                    0.5000150799751282,
                    0.49999457597732544
                ]
            ],
            "ideal_world_from_tool0": [
                [
                    3.0624852180480957,
                    -0.5567663908004761,
                    1.2793748378753662
                ],
                [
                    -0.5,
                    0.5,
                    -0.5,
                    -0.5
                ]
            ],
            "world_from_tool0_pos_distance": 0.00011272549489908473,
            "world_from_tool0_axis_angles": [
                0.002227238707286277,
                0.004698544669824313,
                0.004423163135300844
            ]
        },
        {
            "before_exe_footprint_pose": [
                "[ 2.24725962 -0.69803447 -0.01095599]",
                "[-9.80580691e-04  6.59233099e-03 -6.49169041e-03  9.99956787e-01]"
            ],
            "after_exe_footprint_pose": [
                "[ 2.24728727 -0.69813526 -0.01091474]",
                "[-0.00105773  0.00656404 -0.00656433  0.99995637]"
            ],
            "observed_world_from_tool0": [
                [
                    3.062483072280884,
                    -0.5568211078643799,
                    1.2794222831726074
                ],
                [
                    0.49992549419403076,
                    -0.5000093579292297,
                    0.5000045299530029,
                    0.5000607371330261
                ]
            ],
            "ideal_world_from_tool0": [
                [
                    3.0624852180480957,
                    -0.5567663908004761,
                    1.2793748378753662
                ],
                [
                    -0.5,
                    0.5,
                    -0.5,
                    -0.5
                ]
            ],
            "world_from_tool0_pos_distance": 7.245424507568936e-05,
            "world_from_tool0_axis_angles": [
                0.00763839886169831,
                0.00818041356409595,
                0.010965507976637359
            ]
        },
        {
            "before_exe_footprint_pose": [
                "[ 2.2472682  -0.6980328  -0.01095659]",
                "[-9.97139956e-04  6.60069147e-03 -6.48403354e-03  9.99956667e-01]"
            ],
            "after_exe_footprint_pose": [
                "[ 2.24727154 -0.69802254 -0.01096374]",
                "[-9.91761568e-04  6.59974432e-03 -6.49369694e-03  9.99956667e-01]"
            ],
            "observed_world_from_tool0": [
                [
                    3.0625407695770264,
                    -0.5567113161087036,
                    1.2792870998382568
                ],
                [
                    0.5000860691070557,
                    -0.4999805688858032,
                    0.49998408555984497,
                    0.49994921684265137
                ]
            ],