{
    "servoing_data": [
        {
            "before_exe_footprint_pose": [
                "[ 2.24728394 -0.69801736 -0.01095444]",
                "[-0.00104876  0.00665955 -0.00644875  0.99995655]"
            ],
            "after_exe_footprint_pose": [
                "[ 2.24761844 -0.69809735 -0.01127177]",
                "[-1.29239434e-05  5.50975604e-03 -6.20861957e-03  9.99965608e-01]"
            ],
            "observed_world_from_tool0": [
                [
                    2.909834146499634,
                    -0.7081629633903503,
                    1.279484748840332
                ],
                [
                    0.0005528039182536304,
                    0.7062942385673523,
                    0.0009120199829339981,
                    0.7079175710678101
                ]
            ],
            "ideal_world_from_tool0": [
                [
                    2.912443161010742,
                    -0.7057700157165527,
                    1.2782983779907227
                ],
                [
                    0.0,
                    0.7071067690849304,
                    0.0,
                    0.7071067690849304
                ]
            ],
            "world_from_tool0_pos_distance": 0.003733715452670496,
            "world_from_tool0_axis_angles": [
                0.1771713244492769,
                0.122209256079376,
                0.13471810630571773
            ]
        },
        {
            "before_exe_footprint_pose": [
                "[ 2.24714923 -0.69821    -0.01122111]",
                "[-1.02921433e-04  5.64327370e-03 -6.43676240e-03  9.99963403e-01]"
            ],
            "after_exe_footprint_pose": [
                "[ 2.24746227 -0.69810456 -0.01124632]",
                "[-7.24725251e-05  5.61561249e-03 -6.32042484e-03  9.99964237e-01]"
            ],
            "observed_world_from_tool0": [
                [
                    2.9125592708587646,
                    -0.7057721018791199,
                    1.2781833410263062
                ],
                [
                    3.6669076507678255e-05,
                    0.707181990146637,
                    -0.00012095634156139567,
                    0.7070315480232239
                ]
            ],
            "ideal_world_from_tool0": [
                [
                    2.912443161010742,
                    -0.7057700157165527,
                    1.2782983779907227
                ],
                [
                    0.0,
                    0.7071067690849304,
                    0.0,
                    0.7071067690849304
                ]
            ],
            "world_from_tool0_pos_distance": 0.00016346055201246412,
            "world_from_tool0_axis_angles": [
                0.01397293024207546,
                0.014483510841281444,
                0.017655767767925778
            ]
        },
        {
            "before_exe_footprint_pose": [
                "[ 2.24752784 -0.6982109  -0.01121402]",
                "[-1.32585701e-04  5.55615732e-03 -6.34628255e-03  9.99964476e-01]"
            ],
            "after_exe_footprint_pose": [
                "[ 2.24752855 -0.69819582 -0.01121551]",
                "[-1.18106727e-04  5.54954819e-03 -6.33698748e-03  9.99964535e-01]"
            ],
            "observed_world_from_tool0": [
                [
                    2.9123404026031494,
                    -0.7057639360427856,
                    1.2784174680709839
                ],
                [
                    -2.1221292627160437e-05,
                    0.7070603966712952,
                    -4.423765858518891e-05,
                    0.7071530818939209
                ]
            ],
            "ideal_world_from_tool0": [
                [
                    2.912443161010742,
                    -0.7057700157165527,
                    1.2782983779907227
                ],
                [
                    0.0,
                    0.7071067690849304,
                    0.0,
                    0.7071067690849304
                ]
            ],
            "world_from_tool0_pos_distance": 0.00015741251532436394,
            "world_from_tool0_axis_angles": [
                0.009194295065923187,
                0.00562236446999103,
                0.007738241915930911
            ]
        }
    ]
}