{
    "servoing_data": [
        {
            "before_exe_footprint_pose": [
                "[ 2.2474885  -0.69794756 -0.01095676]",
                "[-9.22746432e-04  7.07923155e-03 -6.42830925e-03  9.99953866e-01]"
            ],
            "after_exe_footprint_pose": [
                "[ 2.2480402  -0.69802636 -0.01126188]",
                "[ 4.68178841e-05  5.69793116e-03 -6.33286126e-03  9.99963760e-01]"
            ],
            "observed_world_from_tool0": [
                [
                    2.9107391834259033,
                    -0.7084012031555176,
                    1.279111623764038
                ],
                [
                    0.0006092118564993143,
                    0.7061172127723694,
                    0.0007424873765558004,
                    0.7080944180488586
                ]
            ],
            "ideal_world_from_tool0": [
                [
                    2.913783550262451,
                    -0.705979585647583,
                    1.277577519416809
                ],
                [
                    0.0,
                    0.7071067690849304,
                    0.0,
                    0.7071067690849304
                ]
            ],
            "world_from_tool0_pos_distance": 0.004181611763231319,
            "world_from_tool0_axis_angles": [
                0.1940701372782003,
                0.11005722800716033,
                0.16057350625927105
            ]
        },
        {
            "before_exe_footprint_pose": [
                "[ 2.24780989 -0.69814211 -0.01121795]",
                "[-6.07867842e-05  5.57914516e-03 -6.29205769e-03  9.99964654e-01]"
            ],
            "after_exe_footprint_pose": [
                "[ 2.24763513 -0.69821852 -0.01122749]",
                "[-1.32064233e-04  5.58477594e-03 -6.30169921e-03  9.99964595e-01]"
            ],
            "observed_world_from_tool0": [
                [
                    2.9130899906158447,
                    -0.7056663632392883,
                    1.2777639627456665
                ],
                [
                    -0.00014977232785895467,
                    0.7070277333259583,
                    -0.0001042024523485452,
                    0.7071858048439026
                ]
            ],
            "ideal_world_from_tool0": [
                [
                    2.913783550262451,
                    -0.705979585647583,
                    1.277577519416809
                ],
                [
                    0.0,
                    0.7071067690849304,
                    0.0,
                    0.7071067690849304
                ]
            ],
            "world_from_tool0_pos_distance": 0.00078351411942237,
            "world_from_tool0_axis_angles": [
                0.024239540592874115,
                0.02090782621416669,
                0.013329914050938469
            ]
        },
        {
            "before_exe_footprint_pose": [
                "[ 2.24765801 -0.69821131 -0.01124495]",
                "[-1.05522973e-04  5.61278965e-03 -6.33138465e-03  9.99964237e-01]"
            ],
            "after_exe_footprint_pose": [
                "[ 2.24763775 -0.6981138  -0.01124996]",
                "[-7.06227293e-05  5.62799396e-03 -6.30433438e-03  9.99964356e-01]"
            ],
            "observed_world_from_tool0": [
                [
                    2.9138989448547363,
                    -0.7060348391532898,
                    1.2774958610534668
                ],
                [
                    4.5332177251111716e-05,
                    0.7071377038955688,
                    4.111433736397885e-05,
                    0.7070757746696472
                ]
            ],
            "ideal_world_from_tool0": [
                [
                    2.913783550262451,
                    -0.705979585647583,
                    1.277577519416809
                ],
                [
                    0.0,
                    0.7071067690849304,
                    0.0,
                    0.7071067690849304
                ]
            ],
            "world_from_tool0_pos_distance": 0.00015177928094864615,
            "world_from_tool0_axis_angles": [
                0.00861658049905542,
                0.007012961697685318,
                0.005029655479146552
            ]
        },
        {
            "before_exe_footprint_pose": [
                "[ 2.24765849 -0.69818771 -0.01121396]",
                "[-9.63601778e-05  5.60154952e-03 -6.34140009e-03  9.99964237e-01]"
            ],
            "after_exe_footprint_pose": [
                "[ 2.24761057 -0.69811362 -0.01127607]",
                "[-7.78299072e-05  5.64739108e-03 -6.29122090e-03  9.99964356e-01]"
            ],
            "observed_world_from_tool0": [
                [
                    2.913806915283203,
                    -0.7059437036514282,
                    1.277525782585144
                ],
                [
                    -1.4281012227002066e-05,
                    0.7071205377578735,
                    4.320637799537508e-06,
                    0.7070930004119873
                ]
            ],
            "ideal_world_from_tool0": [
                [
                    2.913783550262451,
                    -0.705979585647583,
                    1.277577519416809
                ],
                [
                    0.0,
                    0.7071067690849304,
                    0.0,
                    0.7071067690849304
                ]
            ],
            "world_from_tool0_pos_distance": 6.715758775840452e-05,
            "world_from_tool0_axis_angles": [
                0.0023727848865270577,
                0.0017097398697040764,
                0.002692690416311217
            ]
        }
    ]
}