{
    "servoing_data": [
        {
            "before_exe_footprint_pose": [
                "[ 2.24766827 -0.69821483 -0.01121533]",
                "[ 1.56512819e-04  5.09192655e-03 -6.28388627e-03  9.99967337e-01]"
            ],
            "after_exe_footprint_pose": [
                "[ 2.24813485 -0.69822204 -0.01100701]",
                "[-0.00109784  0.00639023 -0.00623617  0.99995953]"
            ],
            "observed_world_from_tool0": [
                [
                    3.0646204948425293,
                    -0.5534605383872986,
                    1.278289794921875
                ],
                [
                    0.5000563263893127,
                    -0.49868905544281006,
                    0.5000005960464478,
                    0.5012507438659668
                ]
            ],
            "ideal_world_from_tool0": [
                [
                    3.060802698135376,
                    -0.5567751526832581,
                    1.2805755138397217
                ],
                [
                    -0.5,
                    0.5,
                    -0.5,
                    -0.5
                ]
            ],
            "world_from_tool0_pos_distance": 0.005548580953679223,
            "world_from_tool0_axis_angles": [
                0.20761891727306098,
                0.15011715865449596,
                0.14373759419284104
            ]
        },
        {
            "before_exe_footprint_pose": [
                "[ 2.24780226 -0.6981467  -0.01099849]",
                "[-8.56426486e-04  6.44457806e-03 -6.77995291e-03  9.99955952e-01]"
            ],
            "after_exe_footprint_pose": [
                "[ 2.24756193 -0.69814217 -0.01097059]",
                "[-0.0011117   0.0064513  -0.00650562  0.99995744]"
            ],
            "observed_world_from_tool0": [
                [
                    3.0604636669158936,
                    -0.5570940971374512,
                    1.2805083990097046
                ],
                [
                    0.49988803267478943,
                    -0.5000966787338257,
                    0.49984240531921387,
                    0.5001727938652039
                ]
            ],
            "ideal_world_from_tool0": [
                [
                    3.060802698135376,
                    -0.5567751526832581,
                    1.2805755138397217
                ],
                [
                    -0.5,
                    0.5,
                    -0.5,
                    -0.5
                ]
            ],
            "world_from_tool0_pos_distance": 0.00047028941414038354,
            "world_from_tool0_axis_angles": [
                0.00719073163792097,
                0.03166231081592948,
                0.030933769058454533
            ]
        },
        {
            "before_exe_footprint_pose": [
                "[ 2.24750948 -0.69814587 -0.01097143]",
                "[-0.00111835  0.00646058 -0.00653528  0.99995714]"
            ],
            "after_exe_footprint_pose": [
                "[ 2.24750638 -0.69814992 -0.01096803]",
                "[-0.00111402  0.00645459 -0.00650621  0.99995744]"
            ],
            "observed_world_from_tool0": [
                [
                    3.0607566833496094,
                    -0.556778073310852,
                    1.2805721759796143
                ],
                [
                    0.5000001788139343,
                    -0.4999975562095642,
                    0.49999910593032837,
                    0.5000031590461731
                ]
            ],
            "ideal_world_from_tool0": [
                [
                    3.060802698135376,
                    -0.5567751526832581,
                    1.2805755138397217
                ],
                [
                    -0.5,
                    0.5,
                    -0.5,
                    -0.5
                ]
            ],
            "world_from_tool0_pos_distance": 4.622804219070667e-05,
            "world_from_tool0_axis_angles": [
                0.0004622378145183811,
                0.00039117370545904207,
                0.0002721811101968991
            ]
        },
        {
            "before_exe_footprint_pose": [
                "[ 2.24749494 -0.69803566 -0.01099032]",
                "[-0.00106493  0.00647675 -0.00642363  0.99995786]"
            ],
            "after_exe_footprint_pose": [
                "[ 2.24748921 -0.69813037 -0.01096261]",
                "[-0.0011175   0.00646782 -0.00651167  0.99995732]"
            ],
            "observed_world_from_tool0": [
                [
                    3.060821294784546,
                    -0.5567556023597717,
                    1.2805583477020264
                ],
                [
                    0.5000022649765015,
                    -0.4999943971633911,
                    0.4999924898147583,
                    0.5000109672546387
                ]
            ],
            "ideal_world_from_tool0": [
                [
                    3.060802698135376,
                    -0.5567751526832581,
                    1.2805755138397217
                ],
                [
                    -0.5,
                    0.5,
                    -0.5,
                    -0.5
                ]
            ],
            "world_from_tool0_pos_distance": 3.198009993955081e-05,
            "world_from_tool0_axis_angles": [
                0.0015588698078715848,
                0.0016272771158067358,
                0.0007218705405980593
            ]
        }
    ]
}