{
    "servoing_data": [
        {
            "before_exe_footprint_pose": [
                "[ 2.24753428 -0.69805127 -0.01098472]",
                "[-0.00101253  0.00658856 -0.00645089  0.99995703]"
            ],
            "after_exe_footprint_pose": [
                "[ 2.24799538 -0.69819605 -0.01124293]",
                "[ 1.47244864e-04  5.12555894e-03 -6.31381758e-03  9.99966979e-01]"
            ],
            "observed_world_from_tool0": [
                [
                    2.909214735031128,
                    -0.7087977528572083,
                    1.2800393104553223
                ],
                [
                    -0.498748779296875,
                    0.4997788667678833,
                    -0.5001064538955688,
                    0.5013623833656311
                ]
            ],
            "ideal_world_from_tool0": [
                [
                    2.9125516414642334,
                    -0.7058421969413757,
                    1.278353214263916
                ],
                [
                    0.5,
                    -0.5,
                    0.5,
                    -0.5
                ]
            ],
            "world_from_tool0_pos_distance": 0.004765834206263152,
            "world_from_tool0_axis_angles": [
                0.13161678097868665,
                0.21343347440465774,
                0.16901397319014677
            ]
        },
        {
            "before_exe_footprint_pose": [
                "[ 2.24778962 -0.69819462 -0.01118517]",
                "[ 2.25388776e-05  5.24264621e-03 -6.28787279e-03  9.99966562e-01]"
            ],
            "after_exe_footprint_pose": [
                "[ 2.24771261 -0.69819295 -0.01122844]",
                "[ 8.59412103e-05  5.13909431e-03 -6.28880039e-03  9.99967039e-01]"
            ],
            "observed_world_from_tool0": [
                [
                    2.9123048782348633,
                    -0.705647885799408,
                    1.2783501148223877
                ],
                [
                    0.5000501871109009,
                    -0.49996376037597656,
                    0.5000108480453491,
                    -0.49997520446777344
                ]
            ],
            "ideal_world_from_tool0": [
                [
                    2.9125516414642334,
                    -0.7058421969413757,
                    1.278353214263916
                ],
                [
                    0.5,
                    -0.5,
                    0.5,
                    -0.5
                ]
            ],
            "world_from_tool0_pos_distance": 0.00031409953486080926,
            "world_from_tool0_axis_angles": [
                0.007575206312211519,
                0.0071744041279617685,
                0.0033197248974213916
            ]
        },
        {
            "before_exe_footprint_pose": [
                "[ 2.24771237 -0.69821745 -0.01120883]",
                "[ 1.10534529e-04  5.13847265e-03 -6.28307275e-03  9.99967039e-01]"
            ],
            "after_exe_footprint_pose": [
                "[ 2.24770975 -0.698183   -0.01123768]",
                "[ 1.06715743e-04  5.13374526e-03 -6.30166987e-03  9.99967039e-01]"
            ],
            "observed_world_from_tool0": [
                [
                    2.912534713745117,
                    -0.7059035897254944,
                    1.278351068496704
                ],
                [
                    -0.49998047947883606,
                    0.5000141859054565,
                    -0.49999892711639404,
                    0.5000065565109253
                ]
            ],
            "ideal_world_from_tool0": [
                [
                    2.9125516414642334,
                    -0.7058421969413757,
                    1.278353214263916
                ],
                [
                    0.5,
                    -0.5,
                    0.5,
                    -0.5
                ]
            ],
            "world_from_tool0_pos_distance": 6.371990217541542e-05,
            "world_from_tool0_axis_angles": [
                0.002800270055324104,
                0.0024481354513308925,
                0.001617574385088159
            ]
        }
    ]
}