{
    "servoing_data": [
        {
            "before_exe_footprint_pose": [
                "[ 2.24746203 -0.69813746 -0.01108885]",
                "[-4.30314685e-04  5.63194649e-03 -6.33618608e-03  9.99963999e-01]"
            ],
            "after_exe_footprint_pose": [
                "[ 2.24745941 -0.69814253 -0.0110752 ]",
                "[-4.49930114e-04  5.62260300e-03 -6.33403892e-03  9.99964058e-01]"
            ],
            "observed_world_from_tool0": [
                [
                    2.909970283508301,
                    -0.7072018980979919,
                    1.2798454761505127
                ],
                [
                    -1.656519543757895e-06,
                    0.7070952653884888,
                    -1.0310645848221611e-05,
                    0.7071182727813721
                ]
            ],
            "ideal_world_from_tool0": [
                [
                    2.91001558303833,
                    -0.7072163224220276,
                    1.2798130512237549
                ],
                [
                    0.0,
                    0.7071067690849304,
                    0.0,
                    0.7071067690849304
                ]
            ],
            "world_from_tool0_pos_distance": 5.7545498694597714e-05,
            "world_from_tool0_axis_angles": [
                0.002101362256932952,
                0.0011966642005073478,
                0.0019917746859133786
            ]
        },
        {
            "before_exe_footprint_pose": [
                "[ 2.24746108 -0.6981377  -0.0110814 ]",
                "[-4.57309652e-04  5.62558277e-03 -6.32163929e-03  9.99964178e-01]"
            ],
            "after_exe_footprint_pose": [
                "[ 2.24750257 -0.69819593 -0.01105368]",
                "[-4.66826052e-04  5.60404221e-03 -6.36420306e-03  9.99963999e-01]"
            ],
            "observed_world_from_tool0": [
                [
                    2.9100098609924316,
                    -0.7072650194168091,
                    1.2798594236373901
                ],
                [
                    9.112853149417788e-06,
                    0.7070937752723694,
                    -3.339826434967108e-05,
                    0.7071197628974915
                ]
            ],
            "ideal_world_from_tool0": [
                [
                    2.91001558303833,
                    -0.7072163224220276,
                    1.2798130512237549
                ],
                [
                    0.0,
                    0.7071067690849304,
                    0.0,
                    0.7071067690849304
                ]
            ],
            "world_from_tool0_pos_distance": 6.748733108052041e-05,
            "world_from_tool0_axis_angles": [
                0.0028820835095318053,
                0.0039670666668196386,
                0.004037260684590216
            ]
        }
    ]
}