{
    "raw_data": [
        {
            "joint_conf": [
                1.6703234910964966,
                -0.45675285280261235,
                -0.710734486579895,
                -1.992547174493307,
                -1.6550353209124964,
                -1.561986271535055
            ],
            "base_mocap_pose": [
                [
                    -0.5632026791572571,
                    1.0838401317596436,
                    0.5306597352027893
                ],
                [
                    0.005817426834255457,
                    -0.003308207495138049,
                    0.710503339767456,
                    0.7036619782447815
                ]
            ],
            "footprint_base_link_pose": [
                [
                    -0.5794709324836731,
                    0.9935272336006165,
                    -0.004964470863342285
                ],
                [
                    0.002694534370675683,
                    0.010108601301908493,
                    -0.7124380469322205,
                    0.7016571164131165
                ]
            ],
            "bar_rig": {
                "Marker1": {
                    "marker_positions": [
                        0.06759071350097656,
                        -0.4358998239040375,
                        0.34617316722869873
                    ],
                    "marker_label": 0
                },
                "Marker2": {
                    "marker_positions": [
                        -0.1342984139919281,
                        -0.4091399312019348,
                        0.29713383316993713
                    ],
                    "marker_label": 0
                },
                "Marker3": {
                    "marker_positions": [
                        0.06697535514831543,
                        -0.3579307198524475,
                        0.3214561343193054
                    ],
                    "marker_label": 0
                },
                "Marker4": {
                    "marker_positions": [
                        -0.13419705629348755,
                        -0.38607871532440186,
                        0.37590402364730835
                    ],
                    "marker_label": 0
                },
                "Marker5": {
                    "marker_positions": [
                        -0.8815358877182007,
                        -0.42193934321403503,
                        0.31479597091674805
                    ],
                    "marker_label": 0
                },
                "Marker6": {
                    "marker_positions": [
                        -0.882080078125,
                        -0.3701411187648773,
                        0.3778054714202881
                    ],
                    "marker_label": 0
                },
                "Marker7": {
                    "marker_positions": [
                        -0.681328535079956,
                        -0.3661099672317505,
                        0.3157583177089691
                    ],
                    "marker_label": 0
                },
                "Marker8": {
                    "marker_positions": [
                        -0.6795705556869507,
                        -0.42787793278694153,
                        0.37091735005378723
                    ],
                    "marker_label": 0
                }
            },
            "world_from_bar_pose": [
                [
                    -0.3955944776535034,
                    -0.18835288286209106,
                    1.1508413553237915
                ],
                [
                    -0.4999999999999996,
                    0.5000000218556951,
                    -0.4999999999999995,
                    0.49999997814430497
                ]
            ],
            "bar_euler_angles": [
                -1.570796370506287,
                5.551115123125783e-17,
                -1.5707963705062866
            ],
            "theta_index": 0,
            "theta_partition": 8
        },
        {
            "joint_conf": [
                1.670293927192688,
                0.5108858782001953,
                -1.648457646369934,
                -2.022213121453756,
                -1.6551559607135218,
                -1.5619977156268519
            ],
            "base_mocap_pose": [
                [
                    -0.5632694959640503,
                    1.0839064121246338,
                    0.5306370258331299
                ],
                [
                    0.005754643585532904,
                    -0.003198907244950533,
                    0.7103718519210815,
                    0.7037957906723022
                ]
            ],
            "footprint_base_link_pose": [
                [
                    -0.5795788168907166,
                    0.9934911131858826,
                    -0.00496441125869751
                ],
                [
                    0.002615435514599085,
                    0.010063794441521168,
                    -0.7125738263130188,
                    0.7015200853347778
                ]
            ],
            "bar_rig": {
                "Marker1": {
                    "marker_positions": [
                        0.06759071350097656,
                        -0.4358998239040375,
                        0.34617316722869873
                    ],
                    "marker_label": 0
                },
                "Marker2": {
                    "marker_positions": [
                        -0.1342984139919281,
                        -0.4091399312019348,
                        0.29713383316993713
                    ],
                    "marker_label": 0
                },
                "Marker3": {
                    "marker_positions": [
                        0.06697535514831543,
                        -0.3579307198524475,
                        0.3214561343193054
                    ],
                    "marker_label": 0
                },
                "Marker4": {
                    "marker_positions": [
                        -0.13419705629348755,
                        -0.38607871532440186,
                        0.37590402364730835
                    ],
                    "marker_label": 0
                },
                "Marker5": {
                    "marker_positions": [
                        -0.8815358877182007,
                        -0.42193934321403503,
                        0.31479597091674805
                    ],
                    "marker_label": 0
                },
                "Marker6": {
                    "marker_positions": [
                        -0.882080078125,
                        -0.3701411187648773,
                        0.3778054714202881
                    ],
                    "marker_label": 0
                },
                "Marker7": {
                    "marker_positions": [
                        -0.681328535079956,
                        -0.3661099672317505,
                        0.3157583177089691
                    ],
                    "marker_label": 0
                },
                "Marker8": {
                    "marker_positions": [
                        -0.6795705556869507,
                        -0.42787793278694153,
                        0.37091735005378723
                    ],
                    "marker_label": 0
                }
            },
            "world_from_bar_pose": [
                [
                    -0.400252103805542,
                    -0.18105024099349976,
                    0.7511270046234131
                ],
                [
                    -0.4999999999999996,
                    0.5000000218556951,
                    -0.4999999999999995,
                    0.49999997814430497
                ]
            ],