{
    "raw_data": [
        {
            "joint_conf": [
                1.599265456199646,
                -0.21767206609759526,
                1.9988392035113733,
                -4.932385345498556,
                -1.5806649366961878,
                4.717769622802734
            ],
            "base_mocap_pose": [
                [
                    1.7963515520095825,
                    0.968204915523529,
                    0.5261963605880737
                ],
                [
                    -0.0004491344152484089,
                    -0.0027739121578633785,
                    0.003098929999396205,
                    0.9999912977218628
                ]
            ],
            "footprint_base_link_pose": [
                [
                    1.70223069190979,
                    0.9824038743972778,
                    -0.008807778358459473
                ],
                [
                    -0.005451994016766548,
                    -0.002975580282509327,
                    0.9999369382858276,
                    0.009361845441162586
                ]
            ],
            "bar_rig": {
                "Marker1": {
                    "marker_positions": [
                        0.521228015422821,
                        0.8577942252159119,
                        1.1858540773391724
                    ],
                    "marker_label": 0
                },
                "Marker2": {
                    "marker_positions": [
                        0.5502450466156006,
                        0.8090269565582275,
                        0.9842110872268677
                    ],
                    "marker_label": 0
                },
                "Marker3": {
                    "marker_positions": [
                        0.5998966693878174,
                        0.8353960514068604,
                        1.1856173276901245
                    ],
                    "marker_label": 0
                },
                "Marker4": {
                    "marker_positions": [
                        0.5709631443023682,
                        0.8884456753730774,
                        0.9841829538345337
                    ],
                    "marker_label": 0
                },
                "Marker5": {
                    "marker_positions": [
                        0.5399523377418518,
                        0.8242949843406677,
                        0.2368820607662201
                    ],
                    "marker_label": 0
                },
                "Marker6": {
                    "marker_positions": [
                        0.5898638963699341,
                        0.8888095021247864,
                        0.2363666594028473
                    ],
                    "marker_label": 0
                },
                "Marker7": {
                    "marker_positions": [
                        0.5949180722236633,
                        0.8274484276771545,
                        0.4373057782649994
                    ],
                    "marker_label": 0
                },
                "Marker8": {
                    "marker_positions": [
                        0.5315372943878174,
                        0.8807581663131714,
                        0.43866410851478577
                    ],
                    "marker_label": 0
                }
            },
            "world_from_bar_pose": [
                [
                    0.7179011702537537,
                    0.8460850119590759,
                    1.2007536888122559
                ],
                [
                    0.0,
                    0.0,
                    0.7071067544940086,
                    0.7071068078790854
                ]
            ],
            "bar_euler_angles": [
                0.0,
                -0.0,
                1.570796251296997
            ],
            "theta_index": 6,
            "theta_partition": 8
        },
        {
            "joint_conf": [
                1.5992276668548584,
                -0.49536438406024175,
                -1.1795101165771484,
                -1.4776980441859742,
                -1.5804646650897425,
                0.0057644713670015335
            ],
            "base_mocap_pose": [
                [
                    1.7963790893554688,
                    0.9681030511856079,
                    0.5262199640274048
                ],
                [
                    -0.0004102944803889841,
                    -0.0028449632227420807,
                    0.0031123918015509844,
                    0.9999910593032837
                ]
            ],
            "footprint_base_link_pose": [
                [
                    1.7022827863693237,
                    0.9823363423347473,
                    -0.008817613124847412
                ],
                [
                    -0.005497714504599571,
                    -0.0030115668196231127,
                    0.999936580657959,
                    0.00936115812510252
                ]
            ],
            "bar_rig": {
                "Marker1": {
                    "marker_positions": [
                        0.521228015422821,
                        0.8577942252159119,
                        1.1858540773391724
                    ],
                    "marker_label": 0
                },
                "Marker2": {
                    "marker_positions": [
                        0.5502450466156006,
                        0.8090269565582275,
                        0.9842110872268677
                    ],
                    "marker_label": 0
                },
                "Marker3": {
                    "marker_positions": [
                        0.5998966693878174,
                        0.8353960514068604,
                        1.1856173276901245
                    ],
                    "marker_label": 0
                },
                "Marker4": {
                    "marker_positions": [
                        0.5709631443023682,
                        0.8884456753730774,
                        0.9841829538345337
                    ],
                    "marker_label": 0
                },
                "Marker5": {
                    "marker_positions": [
                        0.5399523377418518,
                        0.8242949843406677,
                        0.2368820607662201
                    ],
                    "marker_label": 0
                },
                "Marker6": {
                    "marker_positions": [
                        0.5898638963699341,
                        0.8888095021247864,
                        0.2363666594028473
                    ],
                    "marker_label": 0
                },
                "Marker7": {
                    "marker_positions": [
                        0.5949180722236633,
                        0.8274484276771545,
                        0.4373057782649994
                    ],
                    "marker_label": 0
                },
                "Marker8": {
                    "marker_positions": [
                        0.5315372943878174,
                        0.8807581663131714,
                        0.43866410851478577
                    ],
                    "marker_label": 0
                }
            },
            "world_from_bar_pose": [
                [
                    0.7178421020507812,
                    0.8459299802780151,
                    1.2006433010101318
                ],
                [
                    0.0,
                    0.0,
                    0.7071067544940086,
                    0.7071068078790854
                ]
            ],
            "bar_euler_angles": [
                0.0,
                -0.0,
                1.570796251296997
            ],
            "theta_index": 6,