{
    "raw_data": [
        {
            "joint_conf": [
                -0.03871757188905889,
                -1.6042968235411585,
                -1.379714846611023,
                -0.13707585752520757,
                0.6939903497695923,
                -1.5929396788226526
            ],
            "base_mocap_pose": [
                [
                    -2.993155002593994,
                    0.8956581354141235,
                    0.5345706939697266
                ],
                [
                    0.0023749880492687225,
                    -0.0030439328402280807,
                    0.9516310095787048,
                    0.3072189688682556
                ]
            ],
            "footprint_base_link_pose": [
                [
                    -2.9247684478759766,
                    0.8303926587104797,
                    -0.0005694031715393066
                ],
                [
                    0.00060968630714342,
                    0.005964627955108881,
                    -0.31904980540275574,
                    0.9477189779281616
                ]
            ],
            "bar_rig": {
                "Marker1": {
                    "marker_positions": [
                        -1.95335853099823,
                        1.2972499132156372,
                        0.4204593896865845
                    ],
                    "marker_label": 0
                },
                "Marker2": {
                    "marker_positions": [
                        -1.976806879043579,
                        1.0957428216934204,
                        0.3682558536529541
                    ],
                    "marker_label": 0
                },
                "Marker3": {
                    "marker_positions": [
                        -2.0303728580474854,
                        1.2963606119155884,
                        0.39291873574256897
                    ],
                    "marker_label": 0
                },
                "Marker4": {
                    "marker_positions": [
                        -2.0027103424072266,
                        1.0947908163070679,
                        0.4461318850517273
                    ],
                    "marker_label": 0
                },
                "Marker5": {
                    "marker_positions": [
                        -1.959052324295044,
                        0.3484630882740021,
                        0.37812894582748413
                    ],
                    "marker_label": 0
                },
                "Marker6": {
                    "marker_positions": [
                        -2.013096570968628,
                        0.34683987498283386,
                        0.43920379877090454
                    ],
                    "marker_label": 0
                },
                "Marker7": {
                    "marker_positions": [
                        -2.0163798332214355,
                        0.5482456684112549,
                        0.3792690336704254
                    ],
                    "marker_label": 0
                },
                "Marker8": {
                    "marker_positions": [
                        -1.9566683769226074,
                        0.5498188138008118,
                        0.4366533160209656
                    ],
                    "marker_label": 0
                }
            },
            "world_from_bar_pose": [
                [
                    -1.9947893619537354,
                    0.8151963949203491,
                    1.105072021484375
                ],
                [
                    -0.7071067966408525,
                    8.42936988640852e-08,
                    -8.429369517949054e-08,
                    0.7071067657322322
                ]
            ],
            "bar_euler_angles": [
                -1.5707963705062866,
                -0.0,
                -2.384185791015626e-07
            ],
            "theta_index": 0,
            "theta_partition": 8
        },
        {
            "joint_conf": [
                -0.03641254106630498,
                -1.8686276874937953,
                -2.058380603790283,
                0.8025883871265869,
                0.6860145926475525,
                -1.5891483465777796
            ],
            "base_mocap_pose": [
                [
                    -2.993007183074951,
                    0.895736038684845,
                    0.5346057415008545
                ],
                [
                    0.002475902670994401,
                    -0.0029062051326036453,
                    0.9516456127166748,
                    0.3071742355823517
                ]
            ],
            "footprint_base_link_pose": [
                [
                    -2.924757242202759,
                    0.8303909301757812,
                    -0.0005400776863098145
                ],
                [
                    0.000486631179228425,
                    0.006080335471779108,
                    -0.31901830434799194,
                    0.9477289319038391
                ]
            ],
            "bar_rig": {
                "Marker1": {
                    "marker_positions": [
                        -1.95335853099823,
                        1.2972499132156372,
                        0.4204593896865845
                    ],
                    "marker_label": 0
                },
                "Marker2": {
                    "marker_positions": [
                        -1.976806879043579,
                        1.0957428216934204,
                        0.3682558536529541
                    ],
                    "marker_label": 0
                },
                "Marker3": {
                    "marker_positions": [
                        -2.0303728580474854,
                        1.2963606119155884,
                        0.39291873574256897
                    ],
                    "marker_label": 0
                },
                "Marker4": {
                    "marker_positions": [
                        -2.0027103424072266,
                        1.0947908163070679,
                        0.4461318850517273
                    ],
                    "marker_label": 0
                },
                "Marker5": {
                    "marker_positions": [
                        -1.959052324295044,
                        0.3484630882740021,
                        0.37812894582748413
                    ],
                    "marker_label": 0
                },
                "Marker6": {
                    "marker_positions": [
                        -2.013096570968628,
                        0.34683987498283386,
                        0.43920379877090454
                    ],
                    "marker_label": 0
                },
                "Marker7": {
                    "marker_positions": [
                        -2.0163798332214355,
                        0.5482456684112549,
                        0.3792690336704254
                    ],
                    "marker_label": 0
                },
                "Marker8": {
                    "marker_positions": [
                        -1.9566683769226074,
                        0.5498188138008118,
                        0.4366533160209656
                    ],
                    "marker_label": 0
                }
            },
            "world_from_bar_pose": [
                [
                    -1.9984617233276367,
                    0.8171519637107849,
                    0.7469587922096252
                ],
                [
                    -0.7071067966408525,
                    8.42936988640852e-08,
                    -8.429369517949054e-08,
                    0.7071067657322322
                ]
            ],