{
    "raw_data": [
        {
            "joint_conf": [
                4.597231388092041,
                -1.6291877231993617,
                -1.0622358322143555,
                -0.4506066602519532,
                -5.69645464817156,
                1.5841095447540283
            ],
            "base_mocap_pose": [
                [
                    1.862083911895752,
                    -0.9730567336082458,
                    0.520767867565155
                ],
                [
                    0.0012893598759546876,
                    0.0028349903877824545,
                    0.22149330377578735,
                    -0.9751569032669067
                ]
            ],
            "footprint_base_link_pose": [
                [
                    1.7837709188461304,
                    -0.9193800091743469,
                    -0.014312982559204102
                ],
                [
                    -0.0061712441965937614,
                    -0.0014527851017192006,
                    0.9723078608512878,
                    0.23361778259277344
                ]
            ],
            "bar_rig": {
                "Marker1": {
                    "marker_positions": [
                        1.6642553806304932,
                        -0.11535684764385223,
                        0.320774108171463
                    ],
                    "marker_label": 0
                },
                "Marker2": {
                    "marker_positions": [
                        1.4628350734710693,
                        -0.1385912001132965,
                        0.37340617179870605
                    ],
                    "marker_label": 0
                },
                "Marker3": {
                    "marker_positions": [
                        1.6644442081451416,
                        -0.1903543472290039,
                        0.3534211814403534
                    ],
                    "marker_label": 0
                },
                "Marker4": {
                    "marker_positions": [
                        1.4627864360809326,
                        -0.16967277228832245,
                        0.29744231700897217
                    ],
                    "marker_label": 0
                },
                "Marker5": {
                    "marker_positions": [
                        0.7154413461685181,
                        -0.13394251465797424,
                        0.35855042934417725
                    ],
                    "marker_label": 0
                },
                "Marker6": {
                    "marker_positions": [
                        0.7150735855102539,
                        -0.19198161363601685,
                        0.3012365400791168
                    ],
                    "marker_label": 0
                },
                "Marker7": {
                    "marker_positions": [
                        0.9161304831504822,
                        -0.18789416551589966,
                        0.36228320002555847
                    ],
                    "marker_label": 0
                },
                "Marker8": {
                    "marker_positions": [
                        0.9170911312103271,
                        -0.1321488320827484,
                        0.3010261356830597
                    ],
                    "marker_label": 0
                }
            },
            "world_from_bar_pose": [
                [
                    1.1811254024505615,
                    -0.17082679271697998,
                    1.1991522312164307
                ],
                [
                    -0.4999999999999996,
                    0.5000000218556951,
                    -0.4999999999999995,
                    0.49999997814430497
                ]
            ],
            "bar_euler_angles": [
                -1.570796370506287,
                5.551115123125783e-17,
                -1.5707963705062866
            ],
            "theta_index": 4,
            "theta_partition": 8
        },
        {
            "joint_conf": [
                4.597177028656006,
                -1.6761723957457484,
                -2.0206458568573,
                0.5553862291523437,
                -5.696404639874594,
                1.5833981037139893
            ],
            "base_mocap_pose": [
                [
                    1.8620973825454712,
                    -0.973059356212616,
                    0.520723819732666
                ],
                [
                    0.0013876897282898426,
                    0.002810845384374261,
                    0.22151309251785278,
                    -0.9751523733139038
                ]
            ],
            "footprint_base_link_pose": [
                [
                    1.7837700843811035,
                    -0.9194190502166748,
                    -0.014348626136779785
                ],
                [
                    -0.00616007624194026,
                    -0.0013771577505394816,
                    0.9723066687583923,
                    0.23362353444099426
                ]
            ],
            "bar_rig": {
                "Marker1": {
                    "marker_positions": [
                        1.6642553806304932,
                        -0.11535684764385223,
                        0.320774108171463
                    ],
                    "marker_label": 0
                },
                "Marker2": {
                    "marker_positions": [
                        1.4628350734710693,
                        -0.1385912001132965,
                        0.37340617179870605
                    ],
                    "marker_label": 0
                },
                "Marker3": {
                    "marker_positions": [
                        1.6644442081451416,
                        -0.1903543472290039,
                        0.3534211814403534
                    ],
                    "marker_label": 0
                },
                "Marker4": {
                    "marker_positions": [
                        1.4627864360809326,
                        -0.16967277228832245,
                        0.29744231700897217
                    ],
                    "marker_label": 0
                },
                "Marker5": {
                    "marker_positions": [
                        0.7154413461685181,
                        -0.13394251465797424,
                        0.35855042934417725
                    ],
                    "marker_label": 0
                },
                "Marker6": {
                    "marker_positions": [
                        0.7150735855102539,
                        -0.19198161363601685,
                        0.3012365400791168
                    ],
                    "marker_label": 0
                },
                "Marker7": {
                    "marker_positions": [
                        0.9161304831504822,
                        -0.18789416551589966,
                        0.36228320002555847
                    ],
                    "marker_label": 0
                },
                "Marker8": {
                    "marker_positions": [
                        0.9170911312103271,
                        -0.1321488320827484,
                        0.3010261356830597
                    ],
                    "marker_label": 0
                }
            },
            "world_from_bar_pose": [
                [
                    1.1859865188598633,
                    -0.17076212167739868,
                    0.8201276063919067
                ],
                [
                    -0.4999999999999996,
                    0.5000000218556951,
                    -0.4999999999999995,
                    0.49999997814430497
                ]
            ],