{
    "raw_data": [
        {
            "joint_conf": [
                -0.1132438818560999,
                -1.3682080519250412,
                0.6384308973895472,
                -2.4188343487181605,
                -0.8037641684161585,
                1.5856690406799316
            ],
            "base_mocap_pose": [
                [
                    -2.9937098026275635,
                    0.8971281051635742,
                    0.5344516634941101
                ],
                [
                    0.0012377098901197314,
                    -0.003941621631383896,
                    0.9508947730064392,
                    0.3094867765903473
                ]
            ],
            "footprint_base_link_pose": [
                [
                    -2.924173355102539,
                    0.8320954442024231,
                    -0.0005599856376647949
                ],
                [
                    0.0015516859712079167,
                    0.0048549119383096695,
                    -0.32132381200790405,
                    0.946955680847168
                ]
            ],
            "bar_rig": {
                "Marker1": {
                    "marker_positions": [
                        -3.185065984725952,
                        -0.33968281745910645,
                        0.7613057494163513
                    ],
                    "marker_label": 0
                },
                "Marker2": {
                    "marker_positions": [
                        -2.9831221103668213,
                        -0.31292724609375,
                        0.810122013092041
                    ],
                    "marker_label": 0
                },
                "Marker3": {
                    "marker_positions": [
                        -3.184305191040039,
                        -0.2615332007408142,
                        0.7854418754577637
                    ],
                    "marker_label": 0
                },
                "Marker4": {
                    "marker_positions": [
                        -2.9831912517547607,
                        -0.29045259952545166,
                        0.7311823964118958
                    ],
                    "marker_label": 0
                },
                "Marker5": {
                    "marker_positions": [
                        -2.2359113693237305,
                        -0.3272213041782379,
                        0.7924718260765076
                    ],
                    "marker_label": 0
                },
                "Marker6": {
                    "marker_positions": [
                        -2.235280752182007,
                        -0.2758944034576416,
                        0.7290785908699036
                    ],
                    "marker_label": 0
                },
                "Marker7": {
                    "marker_positions": [
                        -2.436016798019409,
                        -0.271035373210907,
                        0.7911165356636047
                    ],
                    "marker_label": 0
                },
                "Marker8": {
                    "marker_positions": [
                        -2.437894344329834,
                        -0.33320873975753784,
                        0.7364188432693481
                    ],
                    "marker_label": 0
                }
            },
            "world_from_bar_pose": [
                [
                    -2.7710824012756348,
                    -0.02790200710296631,
                    1.2983050346374512
                ],
                [
                    0.0,
                    -0.7071067811865475,
                    0.0,
                    0.7071067811865476
                ]
            ],
            "bar_euler_angles": [
                0.0,
                -1.5707963267948966,
                0.0
            ],
            "theta_index": 2,
            "theta_partition": 8
        },
        {
            "joint_conf": [
                -0.11336976686586553,
                0.16638974725689692,
                -1.8422520160675049,
                -1.474082500939705,
                -0.8032143751727503,
                1.5847716331481934
            ],
            "base_mocap_pose": [
                [
                    -2.9940803050994873,
                    0.8968921899795532,
                    0.5344364047050476
                ],
                [
                    0.000937225588131696,
                    -0.004214670043438673,
                    0.9508390426635742,
                    0.30965542793273926
                ]
            ],
            "footprint_base_link_pose": [
                [
                    -2.924198865890503,
                    0.8319950103759766,
                    -0.0005601644515991211
                ],
                [
                    0.0018066115444526076,
                    0.004555783234536648,
                    -0.3214762806892395,
                    0.9469049572944641
                ]
            ],
            "bar_rig": {
                "Marker1": {
                    "marker_positions": [
                        -3.185065984725952,
                        -0.33968281745910645,
                        0.7613057494163513
                    ],
                    "marker_label": 0
                },
                "Marker2": {
                    "marker_positions": [
                        -2.9831221103668213,
                        -0.31292724609375,
                        0.810122013092041
                    ],
                    "marker_label": 0
                },
                "Marker3": {
                    "marker_positions": [
                        -3.184305191040039,
                        -0.2615332007408142,
                        0.7854418754577637
                    ],
                    "marker_label": 0
                },
                "Marker4": {
                    "marker_positions": [
                        -2.9831912517547607,
                        -0.29045259952545166,
                        0.7311823964118958
                    ],
                    "marker_label": 0
                },
                "Marker5": {
                    "marker_positions": [
                        -2.2359113693237305,
                        -0.3272213041782379,
                        0.7924718260765076
                    ],
                    "marker_label": 0
                },
                "Marker6": {
                    "marker_positions": [
                        -2.235280752182007,
                        -0.2758944034576416,
                        0.7290785908699036
                    ],
                    "marker_label": 0
                },
                "Marker7": {
                    "marker_positions": [
                        -2.436016798019409,
                        -0.271035373210907,
                        0.7911165356636047
                    ],
                    "marker_label": 0
                },
                "Marker8": {
                    "marker_positions": [
                        -2.437894344329834,
                        -0.33320873975753784,
                        0.7364188432693481
                    ],
                    "marker_label": 0
                }
            },
            "world_from_bar_pose": [
                [
                    -2.7750065326690674,
                    -0.026154816150665283,
                    0.9402897953987122
                ],
                [
                    0.0,
                    -0.7071067811865475,
                    0.0,
                    0.7071067811865476
                ]
            ],
            "bar_euler_angles": [
                0.0,
                -1.5707963267948966,
                0.0
            ],
            "theta_index": 2,