{
    "raw_data": [
        {
            "joint_conf": [
                1.1244109869003296,
                -1.653452535668844,
                -1.289724349975586,
                -5.952451249162191,
                0.7274736166000366,
                -2.9101689497577112
            ],
            "base_mocap_pose": [
                [
                    -0.5483280420303345,
                    0.4409879744052887,
                    -0.004971027374267578
                ],
                [
                    -0.0007727782940492034,
                    -0.001563824713230133,
                    0.9902987480163574,
                    0.13894367218017578
                ]
            ],
            "flange_mocap_pose": [
                [
                    -0.741413950920105,
                    0.09476470202207565,
                    1.1331911087036133
                ],
                [
                    -0.0888606533408165,
                    -0.5775278806686401,
                    0.8088762164115906,
                    -0.06545652449131012
                ]
            ],
            "tool0_fk_pose": [
                [
                    -0.7504094243049622,
                    0.11521971970796585,
                    1.1368401050567627
                ],
                [
                    0.5365065932273865,
                    -0.20539052784442902,
                    0.23221978545188904,
                    0.7848881483078003
                ]
            ],
            "tool0_fk_from_mocap": [
                [
                    0.002232074737548828,
                    -0.014460086822509766,
                    0.017279058694839478
                ],
                [
                    -0.002605703892186284,
                    -0.012136273086071014,
                    0.9781763553619385,
                    0.2074054777622223
                ]
            ]
        },
        {
            "joint_conf": [
                1.1244266033172607,
                -0.7936628621867676,
                -1.2897356748580933,
                -5.952538152734274,
                0.7274616360664368,
                -2.9101479689227503
            ],
            "base_mocap_pose": [
                [
                    -0.5486202239990234,
                    0.44115304946899414,
                    -0.004698216915130615
                ],
                [
                    -0.002181511139497161,
                    -0.00179196591489017,
                    0.9902471899986267,
                    0.13929302990436554
                ]
            ],
            "flange_mocap_pose": [
                [
                    -1.2117515802383423,
                    0.5108041167259216,
                    1.2494018077850342
                ],
                [
                    -0.3193293809890747,
                    -0.27767643332481384,
                    0.8664686679840088,
                    -0.26487091183662415
                ]
            ],
            "tool0_fk_pose": [
                [
                    -1.215867042541504,
                    0.5286581516265869,
                    1.2363947629928589
                ],
                [
                    0.1964501291513443,
                    -0.36767351627349854,
                    0.43410107493400574,
                    0.7986111640930176
                ]
            ],
            "tool0_fk_from_mocap": [
                [
                    0.0015087127685546875,
                    -0.013265609741210938,
                    0.01807272434234619
                ],
                [
                    -0.004948130808770657,
                    -0.010302397422492504,
                    0.9789108633995056,
                    0.2039681375026703
                ]
            ]
        },
        {
            "joint_conf": [
                1.1244220733642578,
                -0.7936222714236756,
                -1.8849678039550781,
                -5.952488561669821,
                0.7274823188781738,
                -2.9101644198047083
            ],
            "base_mocap_pose": [
                [
                    -0.5486425161361694,
                    0.4411680996417999,
                    -0.004743993282318115
                ],
                [
                    -0.0020027332939207554,
                    -0.0017987900646403432,
                    0.9902486205101013,
                    0.13928546011447906
                ]
            ],
            "flange_mocap_pose": [
                [
                    -1.0426503419876099,
                    0.36079710721969604,
                    1.1085878610610962
                ],
                [
                    -0.16293422877788544,
                    -0.4948479235172272,
                    0.843417763710022,
                    -0.1312417984008789
                ]
            ],
            "tool0_fk_pose": [
                [
                    -1.0500450134277344,
                    0.3812909722328186,
                    1.106601357460022
                ],
                [
                    0.43931007385253906,
                    -0.26173216104507446,
                    0.3009900450706482,
                    0.8049272894859314
                ]
            ],
            "tool0_fk_from_mocap": [
                [
                    0.0011866092681884766,
                    -0.013061881065368652,
                    0.017510145902633667
                ],
                [
                    -0.0016890853876248002,
                    -0.013103263452649117,
                    0.9784292578697205,
                    0.20615924894809723
                ]
            ]
        },
        {
            "joint_conf": [
                -1.7196157614337366,
                -1.3889004451087494,
                -1.554250717163086,
                -5.952479501763815,
                0.7274453043937683,
                -2.9101150671588343
            ],
            "base_mocap_pose": [
                [
                    -0.5491472482681274,
                    0.4412444531917572,
                    -0.00504225492477417
                ],
                [
                    -0.0008830915903672576,
                    -0.0007341662421822548,
                    0.9902134537696838,
                    0.13955658674240112
                ]
            ],
            "flange_mocap_pose": [
                [
                    -1.14370858669281,
                    0.8933594822883606,
                    1.1199564933776855
                ],
                [
                    -0.5876877307891846,
                    -0.00464919488877058,
                    0.17957179248332977,
                    0.7888951301574707
                ]
            ],
            "tool0_fk_pose": [
                [
                    -1.1284973621368408,
                    0.8776882290840149,
                    1.1229149103164673
                ],
                [
                    0.11838750541210175,
                    0.5678091049194336,
                    0.7404732704162598,
                    -0.3395240008831024
                ]
            ],
            "tool0_fk_from_mocap": [
                [
                    0.0038455724716186523,
                    -0.013896524906158447,
                    0.016667962074279785
                ],
                [
                    -0.0007336729904636741,
                    -0.010062821209430695,
                    0.9782686829566956,
                    0.2070954591035843
                ]
            ]
        }
    ]
}