{
    "raw_data": [
        {
            "joint_conf": [
                1.4589543342590332,
                -0.503382758503296,
                -1.2150869369506836,
                -1.4311322581819077,
                -1.856661621724264,
                -4.708082024251119
            ],
            "base_mocap_pose": [
                [
                    -2.7131476402282715,
                    -1.0514825582504272,
                    0.5309202075004578
                ],
                [
                    0.003011509543284774,
                    -0.001917548244819045,
                    0.977754533290863,
                    -0.2097219079732895
                ]
            ],
            "footprint_base_link_pose": [
                [
                    -2.621969699859619,
                    -1.0242770910263062,
                    -0.0041127800941467285
                ],
                [
                    -0.0019772923551499844,
                    0.0049205441027879715,
                    0.19751589000225067,
                    0.9802853465080261
                ]
            ],
            "bar_rig": {
                "Marker1": {
                    "marker_positions": [
                        -1.5099191665649414,
                        -1.074743390083313,
                        0.6815947890281677
                    ],
                    "marker_label": 0
                },
                "Marker2": {
                    "marker_positions": [
                        -1.5297472476959229,
                        -0.873180627822876,
                        0.7350684404373169
                    ],
                    "marker_label": 0
                },
                "Marker3": {
                    "marker_positions": [
                        -1.584336519241333,
                        -1.0740876197814941,
                        0.7155376672744751
                    ],
                    "marker_label": 0
                },
                "Marker4": {
                    "marker_positions": [
                        -1.5621370077133179,
                        -0.872564435005188,
                        0.6596555709838867
                    ],
                    "marker_label": 0
                },
                "Marker5": {
                    "marker_positions": [
                        -1.5161198377609253,
                        -0.12586694955825806,
                        0.72179114818573
                    ],
                    "marker_label": 0
                },
                "Marker6": {
                    "marker_positions": [
                        -1.575134038925171,
                        -0.12464499473571777,
                        0.6654937863349915
                    ],
                    "marker_label": 0
                },
                "Marker7": {
                    "marker_positions": [
                        -1.5724749565124512,
                        -0.32588472962379456,
                        0.7260144948959351
                    ],
                    "marker_label": 0
                },
                "Marker8": {
                    "marker_positions": [
                        -1.5178152322769165,
                        -0.3273831307888031,
                        0.6637974977493286
                    ],
                    "marker_label": 0
                }
            },
            "world_from_bar_pose": [
                [
                    -1.7377398014068604,
                    -0.6503258943557739,
                    1.2069919109344482
                ],
                [
                    0.7071067544940086,
                    0.0,
                    0.0,
                    0.7071068078790854
                ]
            ],
            "bar_euler_angles": [
                1.570796251296997,
                -0.0,
                0.0
            ],
            "theta_index": 0,
            "theta_partition": 8
        },
        {
            "joint_conf": [
                1.458885669708252,
                0.13832811891522212,
                -1.983418583869934,
                -1.3057287496379395,
                -1.8565624395953577,
                -4.709120575581686
            ],
            "base_mocap_pose": [
                [
                    -2.7130398750305176,
                    -1.0514700412750244,
                    0.5309317708015442
                ],
                [
                    0.0030385672580450773,
                    -0.0019390527158975601,
                    0.9777410626411438,
                    -0.209784135222435
                ]
            ],
            "footprint_base_link_pose": [
                [
                    -2.6218762397766113,
                    -1.0242491960525513,
                    -0.004098057746887207
                ],
                [
                    -0.001965176546946168,
                    0.004934059455990791,
                    0.19757972657680511,
                    0.9802724123001099
                ]
            ],
            "bar_rig": {
                "Marker1": {
                    "marker_positions": [
                        -1.5099191665649414,
                        -1.074743390083313,
                        0.6815947890281677
                    ],
                    "marker_label": 0
                },
                "Marker2": {
                    "marker_positions": [
                        -1.5297472476959229,
                        -0.873180627822876,
                        0.7350684404373169
                    ],
                    "marker_label": 0
                },
                "Marker3": {
                    "marker_positions": [
                        -1.584336519241333,
                        -1.0740876197814941,
                        0.7155376672744751
                    ],
                    "marker_label": 0
                },
                "Marker4": {
                    "marker_positions": [
                        -1.5621370077133179,
                        -0.872564435005188,
                        0.6596555709838867
                    ],
                    "marker_label": 0
                },
                "Marker5": {
                    "marker_positions": [
                        -1.5161198377609253,
                        -0.12586694955825806,
                        0.72179114818573
                    ],
                    "marker_label": 0
                },
                "Marker6": {
                    "marker_positions": [
                        -1.575134038925171,
                        -0.12464499473571777,
                        0.6654937863349915
                    ],
                    "marker_label": 0
                },
                "Marker7": {
                    "marker_positions": [
                        -1.5724749565124512,
                        -0.32588472962379456,
                        0.7260144948959351
                    ],
                    "marker_label": 0
                },
                "Marker8": {
                    "marker_positions": [
                        -1.5178152322769165,
                        -0.3273831307888031,
                        0.6637974977493286
                    ],
                    "marker_label": 0
                }
            },
            "world_from_bar_pose": [
                [
                    -1.7400915622711182,
                    -0.6517940759658813,
                    0.9333169460296631
                ],
                [
                    0.7071067544940086,
                    0.0,
                    0.0,
                    0.7071068078790854
                ]
            ],
            "bar_euler_angles": [
                1.570796251296997,
                -0.0,
                0.0
            ],
            "theta_index": 0,