{
    "raw_data": [
        {
            "joint_conf": [
                1.3966925144195557,
                0.5400296884724121,
                -1.5679631233215332,
                -5.268254180947775,
                1.5274900197982788,
                0.004266470670700073
            ],
            "base_mocap_pose": [
                [
                    -2.9912781715393066,
                    0.897150456905365,
                    0.5350088477134705
                ],
                [
                    0.0033920088317245245,
                    -0.003432957921177149,
                    0.9507920145988464,
                    0.3097922205924988
                ]
            ],
            "footprint_base_link_pose": [
                [
                    -2.9241437911987305,
                    0.8322638273239136,
                    -0.00033932924270629883
                ],
                [
                    0.001020299969241023,
                    0.006993143819272518,
                    -0.3216148018836975,
                    0.946844220161438
                ]
            ],
            "bar_rig": {
                "Marker1": {
                    "marker_positions": [
                        -1.9030715227127075,
                        0.04938887804746628,
                        0.40856316685676575
                    ],
                    "marker_label": 0
                },
                "Marker2": {
                    "marker_positions": [
                        -1.9564704895019531,
                        0.03351225703954697,
                        0.610495388507843
                    ],
                    "marker_label": 0
                },
                "Marker3": {
                    "marker_positions": [
                        -1.975075364112854,
                        0.08818349242210388,
                        0.40952277183532715
                    ],
                    "marker_label": 0
                },
                "Marker4": {
                    "marker_positions": [
                        -1.9159444570541382,
                        0.10488589853048325,
                        0.6106491088867188
                    ],
                    "marker_label": 0
                },
                "Marker5": {
                    "marker_positions": [
                        -1.9332447052001953,
                        0.03301175683736801,
                        1.3576900959014893
                    ],
                    "marker_label": 0
                },
                "Marker6": {
                    "marker_positions": [
                        -1.9240328073501587,
                        0.11405407637357712,
                        1.3586043119430542
                    ],
                    "marker_label": 0
                },
                "Marker7": {
                    "marker_positions": [
                        -1.9718393087387085,
                        0.07474139332771301,
                        1.1577653884887695
                    ],
                    "marker_label": 0
                },
                "Marker8": {
                    "marker_positions": [
                        -1.8892477750778198,
                        0.06877028942108154,
                        1.1557978391647339
                    ],
                    "marker_label": 0
                }
            },
            "world_from_bar_pose": [
                [
                    -1.948922872543335,
                    0.0850936770439148,
                    0.5300029516220093
                ],
                [
                    -0.7071068078790848,
                    -0.707106754494008,
                    3.090861904822515e-08,
                    3.0908621381761055e-08
                ]
            ],
            "bar_euler_angles": [
                -3.1415925661670134,
                -0.0,
                1.570796251296997
            ],
            "theta_index": 5,
            "theta_partition": 8
        },
        {
            "joint_conf": [
                1.3965495824813843,
                -0.2769661706737061,
                -0.87846440076828,
                -5.141238351861471,
                1.5270946025848389,
                0.0050144800916314125
            ],
            "base_mocap_pose": [
                [
                    -2.991086721420288,
                    0.8971347808837891,
                    0.5350753664970398
                ],
                [
                    0.003552401205524802,
                    -0.0033570199739187956,
                    0.950755774974823,
                    0.30990248918533325
                ]
            ],
            "footprint_base_link_pose": [
                [
                    -2.9241483211517334,
                    0.8322135210037231,
                    -0.0002631545066833496
                ],
                [
                    0.0009364336729049683,
                    0.007194511592388153,
                    -0.32172924280166626,
                    0.9468039274215698
                ]
            ],
            "bar_rig": {
                "Marker1": {
                    "marker_positions": [
                        -1.9030715227127075,
                        0.04938887804746628,
                        0.40856316685676575
                    ],
                    "marker_label": 0
                },
                "Marker2": {
                    "marker_positions": [
                        -1.9564704895019531,
                        0.03351225703954697,
                        0.610495388507843
                    ],
                    "marker_label": 0
                },
                "Marker3": {
                    "marker_positions": [
                        -1.975075364112854,
                        0.08818349242210388,
                        0.40952277183532715
                    ],
                    "marker_label": 0
                },
                "Marker4": {
                    "marker_positions": [
                        -1.9159444570541382,
                        0.10488589853048325,
                        0.6106491088867188
                    ],
                    "marker_label": 0
                },
                "Marker5": {
                    "marker_positions": [
                        -1.9332447052001953,
                        0.03301175683736801,
                        1.3576900959014893
                    ],
                    "marker_label": 0
                },
                "Marker6": {
                    "marker_positions": [
                        -1.9240328073501587,
                        0.11405407637357712,
                        1.3586043119430542
                    ],
                    "marker_label": 0
                },
                "Marker7": {
                    "marker_positions": [
                        -1.9718393087387085,
                        0.07474139332771301,
                        1.1577653884887695
                    ],
                    "marker_label": 0
                },
                "Marker8": {
                    "marker_positions": [
                        -1.8892477750778198,
                        0.06877028942108154,
                        1.1557978391647339
                    ],
                    "marker_label": 0
                }
            },
            "world_from_bar_pose": [
                [
                    -1.944216251373291,
                    0.08253324031829834,
                    0.8875338435173035
                ],
                [
                    -0.7071068078790834,
                    -0.7071067544940066,
                    5.338507472115061e-08,
                    5.338507875161178e-08
                ]
            ],