{
    "raw_data": [
        {
            "joint_conf": [
                4.789668560028076,
                -1.587443014184469,
                -0.6264260411262512,
                -0.9130090040019532,
                -4.317995015774862,
                -1.5631912390338343
            ],
            "base_mocap_pose": [
                [
                    1.8623669147491455,
                    -0.9724874496459961,
                    0.520637571811676
                ],
                [
                    0.0010935103055089712,
                    0.002942916937172413,
                    0.22137849032878876,
                    -0.9751830101013184
                ]
            ],
            "footprint_base_link_pose": [
                [
                    1.7842397689819336,
                    -0.9185888171195984,
                    -0.01437675952911377
                ],
                [
                    -0.006259786430746317,
                    -0.0017486982978880405,
                    0.9723312854766846,
                    0.23351573944091797
                ]
            ],
            "bar_rig": {
                "Marker1": {
                    "marker_positions": [
                        0.9592936038970947,
                        -1.0034385919570923,
                        0.5990116596221924
                    ],
                    "marker_label": 0
                },
                "Marker2": {
                    "marker_positions": [
                        0.979820966720581,
                        -0.8019140362739563,
                        0.5456579327583313
                    ],
                    "marker_label": 0
                },
                "Marker3": {
                    "marker_positions": [
                        1.0345735549926758,
                        -1.0025888681411743,
                        0.5670320391654968
                    ],
                    "marker_label": 0
                },
                "Marker4": {
                    "marker_positions": [
                        1.0102177858352661,
                        -0.8010342717170715,
                        0.6218933463096619
                    ],
                    "marker_label": 0
                },
                "Marker5": {
                    "marker_positions": [
                        0.9632644653320312,
                        -0.054627954959869385,
                        0.5570198893547058
                    ],
                    "marker_label": 0
                },
                "Marker6": {
                    "marker_positions": [
                        1.0207760334014893,
                        -0.05308684706687927,
                        0.6148437261581421
                    ],
                    "marker_label": 0
                },
                "Marker7": {
                    "marker_positions": [
                        1.0204026699066162,
                        -0.25445452332496643,
                        0.5546924471855164
                    ],
                    "marker_label": 0
                },
                "Marker8": {
                    "marker_positions": [
                        0.964134156703949,
                        -0.25602132081985474,
                        0.6154567003250122
                    ],
                    "marker_label": 0
                }
            },
            "world_from_bar_pose": [
                [
                    0.997509241104126,
                    -0.5272547006607056,
                    1.3441262245178223
                ],
                [
                    0.7071067544940086,
                    0.0,
                    0.0,
                    0.7071068078790854
                ]
            ],
            "bar_euler_angles": [
                1.570796251296997,
                -0.0,
                0.0
            ],
            "theta_index": 4,
            "theta_partition": 8
        },
        {
            "joint_conf": [
                4.789959907531738,
                -1.2321134072593232,
                -2.122642755508423,
                0.22721890985455317,
                -4.318614069615499,
                -1.5650070349322718
            ],
            "base_mocap_pose": [
                [
                    1.8622889518737793,
                    -0.973287045955658,
                    0.520641565322876
                ],
                [
                    0.0013307236367836595,
                    0.0025220485404133797,
                    0.2214328944683075,
                    -0.9751714468002319
                ]
            ],
            "footprint_base_link_pose": [
                [
                    1.7836648225784302,
                    -0.9195989966392517,
                    -0.014380276203155518
                ],
                [
                    -0.005883701611310244,
                    -0.0014107137685641646,
                    0.9723207354545593,
                    0.23357179760932922
                ]
            ],
            "bar_rig": {
                "Marker1": {
                    "marker_positions": [
                        0.9592936038970947,
                        -1.0034385919570923,
                        0.5990116596221924
                    ],
                    "marker_label": 0
                },
                "Marker2": {
                    "marker_positions": [
                        0.979820966720581,
                        -0.8019140362739563,
                        0.5456579327583313
                    ],
                    "marker_label": 0
                },
                "Marker3": {
                    "marker_positions": [
                        1.0345735549926758,
                        -1.0025888681411743,
                        0.5670320391654968
                    ],
                    "marker_label": 0
                },
                "Marker4": {
                    "marker_positions": [
                        1.0102177858352661,
                        -0.8010342717170715,
                        0.6218933463096619
                    ],
                    "marker_label": 0
                },
                "Marker5": {
                    "marker_positions": [
                        0.9632644653320312,
                        -0.054627954959869385,
                        0.5570198893547058
                    ],
                    "marker_label": 0
                },
                "Marker6": {
                    "marker_positions": [
                        1.0207760334014893,
                        -0.05308684706687927,
                        0.6148437261581421
                    ],
                    "marker_label": 0
                },
                "Marker7": {
                    "marker_positions": [
                        1.0204026699066162,
                        -0.25445452332496643,
                        0.5546924471855164
                    ],
                    "marker_label": 0
                },
                "Marker8": {
                    "marker_positions": [
                        0.964134156703949,
                        -0.25602132081985474,
                        0.6154567003250122
                    ],
                    "marker_label": 0
                }
            },
            "world_from_bar_pose": [
                [
                    1.0032832622528076,
                    -0.5275218486785889,
                    0.9236116409301758
                ],
                [
                    0.7071067544940086,
                    0.0,
                    0.0,
                    0.7071068078790854
                ]
            ],
            "bar_euler_angles": [
                1.570796251296997,
                -0.0,
                0.0
            ],
            "theta_index": 4,