{
    "raw_data": [
        {
            "joint_conf": [
                2.925246000289917,
                -1.5258558479002495,
                1.3093259970294397,
                -2.932335992852682,
                -1.7520554701434534,
                1.5601396560668945
            ],
            "base_mocap_pose": [
                [
                    -2.714092493057251,
                    -1.0516337156295776,
                    0.5306282639503479
                ],
                [
                    0.001991709927096963,
                    -0.0017387131229043007,
                    0.9777727127075195,
                    -0.20965109765529633
                ]
            ],
            "footprint_base_link_pose": [
                [
                    -2.621776819229126,
                    -1.024379014968872,
                    -0.004213392734527588
                ],
                [
                    -0.002133512170985341,
                    0.0039178915321826935,
                    0.19743874669075012,
                    0.9803050756454468
                ]
            ],
            "bar_rig": {
                "Marker1": {
                    "marker_positions": [
                        -2.009551525115967,
                        -0.0459483340382576,
                        0.285456120967865
                    ],
                    "marker_label": 0
                },
                "Marker2": {
                    "marker_positions": [
                        -2.210538864135742,
                        -0.06821112334728241,
                        0.3401240408420563
                    ],
                    "marker_label": 0
                },
                "Marker3": {
                    "marker_positions": [
                        -2.0092718601226807,
                        -0.1207047551870346,
                        0.31865084171295166
                    ],
                    "marker_label": 0
                },
                "Marker4": {
                    "marker_positions": [
                        -2.2113819122314453,
                        -0.09984838962554932,
                        0.264394611120224
                    ],
                    "marker_label": 0
                },
                "Marker5": {
                    "marker_positions": [
                        -2.958022356033325,
                        -0.06150054931640625,
                        0.3321688771247864
                    ],
                    "marker_label": 0
                },
                "Marker6": {
                    "marker_positions": [
                        -2.959087610244751,
                        -0.11995687335729599,
                        0.2752893567085266
                    ],
                    "marker_label": 0
                },
                "Marker7": {
                    "marker_positions": [
                        -2.7574610710144043,
                        -0.11600609123706818,
                        0.33443644642829895
                    ],
                    "marker_label": 0
                },
                "Marker8": {
                    "marker_positions": [
                        -2.7569117546081543,
                        -0.06071428209543228,
                        0.2727646827697754
                    ],
                    "marker_label": 0
                }
            },
            "world_from_bar_pose": [
                [
                    -2.4590234756469727,
                    -0.24498939514160156,
                    1.1270945072174072
                ],
                [
                    0.49999999999999856,
                    0.49999996225105026,
                    0.49999999999999856,
                    0.5000000377489499
                ]
            ],
            "bar_euler_angles": [
                1.570796251296997,
                1.6653345369377348e-16,
                1.570796251296997
            ],
            "theta_index": 0,
            "theta_partition": 8
        },
        {
            "joint_conf": [
                2.9251372814178467,
                -1.4109053176692505,
                1.961221996937887,
                -3.6977440319456996,
                -1.7518203894244593,
                1.562940001487732
            ],
            "base_mocap_pose": [
                [
                    -2.714153528213501,
                    -1.0516165494918823,
                    0.5306107401847839
                ],
                [
                    0.0019356306875124574,
                    -0.001704167341813445,
                    0.9777684211730957,
                    -0.20967182517051697
                ]
            ],
            "footprint_base_link_pose": [
                [
                    -2.6217870712280273,
                    -1.0243854522705078,
                    -0.0042021870613098145
                ],
                [
                    -0.0021534012630581856,
                    0.0038485759869217873,
                    0.19746476411819458,
                    0.9803000688552856
                ]
            ],
            "bar_rig": {
                "Marker1": {
                    "marker_positions": [
                        -2.009551525115967,
                        -0.0459483340382576,
                        0.285456120967865
                    ],
                    "marker_label": 0
                },
                "Marker2": {
                    "marker_positions": [
                        -2.210538864135742,
                        -0.06821112334728241,
                        0.3401240408420563
                    ],
                    "marker_label": 0
                },
                "Marker3": {
                    "marker_positions": [
                        -2.0092718601226807,
                        -0.1207047551870346,
                        0.31865084171295166
                    ],
                    "marker_label": 0
                },
                "Marker4": {
                    "marker_positions": [
                        -2.2113819122314453,
                        -0.09984838962554932,
                        0.264394611120224
                    ],
                    "marker_label": 0
                },
                "Marker5": {
                    "marker_positions": [
                        -2.958022356033325,
                        -0.06150054931640625,
                        0.3321688771247864
                    ],
                    "marker_label": 0
                },
                "Marker6": {
                    "marker_positions": [
                        -2.959087610244751,
                        -0.11995687335729599,
                        0.2752893567085266
                    ],
                    "marker_label": 0
                },
                "Marker7": {
                    "marker_positions": [
                        -2.7574610710144043,
                        -0.11600609123706818,
                        0.33443644642829895
                    ],
                    "marker_label": 0
                },
                "Marker8": {
                    "marker_positions": [
                        -2.7569117546081543,
                        -0.06071428209543228,
                        0.2727646827697754
                    ],
                    "marker_label": 0
                }
            },
            "world_from_bar_pose": [
                [
                    -2.4612112045288086,
                    -0.24666649103164673,
                    0.8323948383331299
                ],
                [
                    0.49999999999999856,
                    0.49999996225105026,
                    0.49999999999999856,
                    0.5000000377489499
                ]
            ],