{
    "raw_data": [
        {
            "joint_conf": [
                2.362105131149292,
                -0.1735552114299317,
                1.5655086676227015,
                -4.543854137460226,
                -2.1868351141559046,
                1.5688304901123047
            ],
            "base_mocap_pose": [
                [
                    -0.4007181227207184,
                    -1.1448217630386353,
                    0.5243542790412903
                ],
                [
                    0.0018135526916012168,
                    0.000901810301002115,
                    0.7581920623779297,
                    -0.6520281434059143
                ]
            ],
            "footprint_base_link_pose": [
                [
                    -0.3718566298484802,
                    -1.0531656742095947,
                    -0.010532855987548828
                ],
                [
                    -0.005258247721940279,
                    0.001593809574842453,
                    0.6425194144248962,
                    0.7662496566772461
                ]
            ],
            "bar_rig": {
                "Marker1": {
                    "marker_positions": [
                        -0.22485113143920898,
                        -0.036146849393844604,
                        1.123490333557129
                    ],
                    "marker_label": 0
                },
                "Marker2": {
                    "marker_positions": [
                        -0.42627060413360596,
                        -0.05853346362709999,
                        1.1764920949935913
                    ],
                    "marker_label": 0
                },
                "Marker3": {
                    "marker_positions": [
                        -0.22508907318115234,
                        -0.11148460954427719,
                        1.155344009399414
                    ],
                    "marker_label": 0
                },
                "Marker4": {
                    "marker_positions": [
                        -0.42676398158073425,
                        -0.08880957216024399,
                        1.1002051830291748
                    ],
                    "marker_label": 0
                },
                "Marker5": {
                    "marker_positions": [
                        -1.1736546754837036,
                        -0.04852595180273056,
                        1.1639788150787354
                    ],
                    "marker_label": 0
                },
                "Marker6": {
                    "marker_positions": [
                        -1.1745997667312622,
                        -0.10595225542783737,
                        1.1060575246810913
                    ],
                    "marker_label": 0
                },
                "Marker7": {
                    "marker_positions": [
                        -0.9733374118804932,
                        -0.10390961170196533,
                        1.1665267944335938
                    ],
                    "marker_label": 0
                },
                "Marker8": {
                    "marker_positions": [
                        -0.972170352935791,
                        -0.047528184950351715,
                        1.105858325958252
                    ],
                    "marker_label": 0
                }
            },
            "world_from_bar_pose": [
                [
                    -0.6958636045455933,
                    -0.09495240449905396,
                    0.29419299960136414
                ],
                [
                    -0.4999999999999996,
                    0.5000000218556951,
                    -0.4999999999999995,
                    0.49999997814430497
                ]
            ],
            "bar_euler_angles": [
                -1.570796370506287,
                5.551115123125783e-17,
                -1.5707963705062866
            ],
            "theta_index": 4,
            "theta_partition": 8
        },
        {
            "joint_conf": [
                2.362100601196289,
                -1.1441505712321778,
                1.7919872442828577,
                -3.801737447778219,
                -2.186805550252096,
                1.567821741104126
            ],
            "base_mocap_pose": [
                [
                    -0.40035057067871094,
                    -1.145346999168396,
                    0.5241370797157288
                ],
                [
                    0.001790036098100245,
                    0.000363069586455822,
                    0.7582128047943115,
                    -0.652004599571228
                ]
            ],
            "footprint_base_link_pose": [
                [
                    -0.37191081047058105,
                    -1.053226113319397,
                    -0.010658740997314453
                ],
                [
                    -0.004732583649456501,
                    0.0016045167576521635,
                    0.6424834728240967,
                    0.7662832736968994
                ]
            ],
            "bar_rig": {
                "Marker1": {
                    "marker_positions": [
                        -0.22485113143920898,
                        -0.036146849393844604,
                        1.123490333557129
                    ],
                    "marker_label": 0
                },
                "Marker2": {
                    "marker_positions": [
                        -0.42627060413360596,
                        -0.05853346362709999,
                        1.1764920949935913
                    ],
                    "marker_label": 0
                },
                "Marker3": {
                    "marker_positions": [
                        -0.22508907318115234,
                        -0.11148460954427719,
                        1.155344009399414
                    ],
                    "marker_label": 0
                },
                "Marker4": {
                    "marker_positions": [
                        -0.42676398158073425,
                        -0.08880957216024399,
                        1.1002051830291748
                    ],
                    "marker_label": 0
                },
                "Marker5": {
                    "marker_positions": [
                        -1.1736546754837036,
                        -0.04852595180273056,
                        1.1639788150787354
                    ],
                    "marker_label": 0
                },
                "Marker6": {
                    "marker_positions": [
                        -1.1745997667312622,
                        -0.10595225542783737,
                        1.1060575246810913
                    ],
                    "marker_label": 0
                },
                "Marker7": {
                    "marker_positions": [
                        -0.9733374118804932,
                        -0.10390961170196533,
                        1.1665267944335938
                    ],
                    "marker_label": 0
                },
                "Marker8": {
                    "marker_positions": [
                        -0.972170352935791,
                        -0.047528184950351715,
                        1.105858325958252
                    ],
                    "marker_label": 0
                }
            },
            "world_from_bar_pose": [
                [
                    -0.6972886323928833,
                    -0.0909079909324646,
                    0.7581846714019775
                ],
                [
                    -0.4999999999999996,
                    0.5000000218556951,
                    -0.4999999999999995,
                    0.49999997814430497
                ]
            ],