{
    "raw_data": [
        {
            "joint_conf": [
                2.976642370223999,
                0.03626052915539546,
                1.0031583944903772,
                -4.185387989083761,
                -1.2311638037311,
                -1.5772813002215784
            ],
            "base_mocap_pose": [
                [
                    -0.40069741010665894,
                    -1.1459975242614746,
                    0.5240161418914795
                ],
                [
                    0.0011026872089132667,
                    0.00016815017443150282,
                    0.7581740617752075,
                    -0.6520513892173767
                ]
            ],
            "footprint_base_link_pose": [
                [
                    -0.37184640765190125,
                    -1.0532329082489014,
                    -0.010660529136657715
                ],
                [
                    -0.004472143016755581,
                    0.0009157030726782978,
                    0.6425263285636902,
                    0.7662500143051147
                ]
            ],
            "bar_rig": {
                "Marker1": {
                    "marker_positions": [
                        -1.2420897483825684,
                        -1.0577625036239624,
                        1.027576208114624
                    ],
                    "marker_label": 0
                },
                "Marker2": {
                    "marker_positions": [
                        -1.2214854955673218,
                        -0.8563095927238464,
                        0.9739820957183838
                    ],
                    "marker_label": 0
                },
                "Marker3": {
                    "marker_positions": [
                        -1.167475700378418,
                        -1.057318925857544,
                        0.9940642714500427
                    ],
                    "marker_label": 0
                },
                "Marker4": {
                    "marker_positions": [
                        -1.1895315647125244,
                        -0.8556787967681885,
                        1.0495805740356445
                    ],
                    "marker_label": 0
                },
                "Marker5": {
                    "marker_positions": [
                        -1.233458161354065,
                        -0.10895121097564697,
                        0.9863041043281555
                    ],
                    "marker_label": 0
                },
                "Marker6": {
                    "marker_positions": [
                        -1.1747682094573975,
                        -0.10779881477355957,
                        1.0429408550262451
                    ],
                    "marker_label": 0
                },
                "Marker7": {
                    "marker_positions": [
                        -1.177543044090271,
                        -0.3091035485267639,
                        0.9826417565345764
                    ],
                    "marker_label": 0
                },
                "Marker8": {
                    "marker_positions": [
                        -1.2325655221939087,
                        -0.31040188670158386,
                        1.0445427894592285
                    ],
                    "marker_label": 0
                }
            },
            "world_from_bar_pose": [
                [
                    -1.1886515617370605,
                    -0.5859886407852173,
                    0.2557348310947418
                ],
                [
                    0.7071067544940086,
                    0.0,
                    0.0,
                    0.7071068078790854
                ]
            ],
            "bar_euler_angles": [
                1.570796251296997,
                -0.0,
                0.0
            ],
            "theta_index": 4,
            "theta_partition": 8
        },
        {
            "joint_conf": [
                2.976407051086426,
                -0.7994676989367981,
                1.3833935896502894,
                -3.7301274738707484,
                -1.2304227987872522,
                -1.5772689024554651
            ],
            "base_mocap_pose": [
                [
                    -0.4005413353443146,
                    -1.146220326423645,
                    0.5239636301994324
                ],
                [
                    0.001143316738307476,
                    -0.00015353552589658648,
                    0.7581568360328674,
                    -0.6520712375640869
                ]
            ],
            "footprint_base_link_pose": [
                [
                    -0.37197309732437134,
                    -1.0532066822052002,
                    -0.010684370994567871
                ],
                [
                    -0.004170906264334917,
                    0.0009585262159816921,
                    0.6425750851631165,
                    0.7662107348442078
                ]
            ],
            "bar_rig": {
                "Marker1": {
                    "marker_positions": [
                        -1.2420897483825684,
                        -1.0577625036239624,
                        1.027576208114624
                    ],
                    "marker_label": 0
                },
                "Marker2": {
                    "marker_positions": [
                        -1.2214854955673218,
                        -0.8563095927238464,
                        0.9739820957183838
                    ],
                    "marker_label": 0
                },
                "Marker3": {
                    "marker_positions": [
                        -1.167475700378418,
                        -1.057318925857544,
                        0.9940642714500427
                    ],
                    "marker_label": 0
                },
                "Marker4": {
                    "marker_positions": [
                        -1.1895315647125244,
                        -0.8556787967681885,
                        1.0495805740356445
                    ],
                    "marker_label": 0
                },
                "Marker5": {
                    "marker_positions": [
                        -1.233458161354065,
                        -0.10895121097564697,
                        0.9863041043281555
                    ],
                    "marker_label": 0
                },
                "Marker6": {
                    "marker_positions": [
                        -1.1747682094573975,
                        -0.10779881477355957,
                        1.0429408550262451
                    ],
                    "marker_label": 0
                },
                "Marker7": {
                    "marker_positions": [
                        -1.177543044090271,
                        -0.3091035485267639,
                        0.9826417565345764
                    ],
                    "marker_label": 0
                },
                "Marker8": {
                    "marker_positions": [
                        -1.2325655221939087,
                        -0.31040188670158386,
                        1.0445427894592285
                    ],
                    "marker_label": 0
                }
            },
            "world_from_bar_pose": [
                [
                    -1.1904358863830566,
                    -0.5828020572662354,
                    0.6983600854873657
                ],
                [
                    0.7071067544940086,
                    0.0,
                    0.0,
                    0.7071068078790854
                ]
            ],
            "bar_euler_angles": [
                1.570796251296997,
                -0.0,
                0.0
            ],
            "theta_index": 4,