{
    "raw_data": [
        {
            "joint_conf": [
                1.8457372188568115,
                0.42196015893902583,
                -1.497822642326355,
                -2.0766998730101527,
                -1.4581635634051722,
                -0.0010598341571252945
            ],
            "base_mocap_pose": [
                [
                    -2.712982654571533,
                    -1.0508426427841187,
                    0.5309261083602905
                ],
                [
                    0.003256505588069558,
                    -0.0014926024014130235,
                    0.9777631759643555,
                    -0.20968154072761536
                ]
            ],
            "footprint_base_link_pose": [
                [
                    -2.621953010559082,
                    -1.0241800546646118,
                    -0.004149019718170166
                ],
                [
                    -0.0024152505211532116,
                    0.0051620653830468655,
                    0.19747135043144226,
                    0.9802920818328857
                ]
            ],
            "bar_rig": {
                "Marker1": {
                    "marker_positions": [
                        -1.6582355499267578,
                        -0.20077310502529144,
                        1.6338677406311035
                    ],
                    "marker_label": 0
                },
                "Marker2": {
                    "marker_positions": [
                        -1.7116360664367676,
                        -0.17729249596595764,
                        1.4326783418655396
                    ],
                    "marker_label": 0
                },
                "Marker3": {
                    "marker_positions": [
                        -1.7348593473434448,
                        -0.22939656674861908,
                        1.6338521242141724
                    ],
                    "marker_label": 0
                },
                "Marker4": {
                    "marker_positions": [
                        -1.6812162399291992,
                        -0.25352025032043457,
                        1.4319419860839844
                    ],
                    "marker_label": 0
                },
                "Marker5": {
                    "marker_positions": [
                        -1.6984282732009888,
                        -0.17818832397460938,
                        0.6852396726608276
                    ],
                    "marker_label": 0
                },
                "Marker6": {
                    "marker_positions": [
                        -1.700355052947998,
                        -0.25972771644592285,
                        0.6841574907302856
                    ],
                    "marker_label": 0
                },
                "Marker7": {
                    "marker_positions": [
                        -1.7397040128707886,
                        -0.21474626660346985,
                        0.8856409788131714
                    ],
                    "marker_label": 0
                },
                "Marker8": {
                    "marker_positions": [
                        -1.6570502519607544,
                        -0.22008483111858368,
                        0.8865042924880981
                    ],
                    "marker_label": 0
                }
            },
            "world_from_bar_pose": [
                [
                    -1.7132227420806885,
                    -0.22926151752471924,
                    0.7821871042251587
                ],
                [
                    0.0,
                    0.0,
                    0.7071067544940086,
                    0.7071068078790854
                ]
            ],
            "bar_euler_angles": [
                0.0,
                -0.0,
                1.570796251296997
            ],
            "theta_index": 1,
            "theta_partition": 8
        },
        {
            "joint_conf": [
                1.8456729650497437,
                -0.20278532922778325,
                -0.9540284872055054,
                -1.9961792431273402,
                -1.4578154722796839,
                -0.00031501451601201325
            ],
            "base_mocap_pose": [
                [
                    -2.7129690647125244,
                    -1.050760269165039,
                    0.5309702754020691
                ],
                [
                    0.0033630095422267914,
                    -0.0012478441931307316,
                    0.9777687788009644,
                    -0.20965538918972015
                ]
            ],
            "footprint_base_link_pose": [
                [
                    -2.6219863891601562,
                    -1.0243525505065918,
                    -0.004141092300415039
                ],
                [
                    -0.002658324781805277,
                    0.005270729772746563,
                    0.19745637476444244,
                    0.980293869972229
                ]
            ],
            "bar_rig": {
                "Marker1": {
                    "marker_positions": [
                        -1.6582355499267578,
                        -0.20077310502529144,
                        1.6338677406311035
                    ],
                    "marker_label": 0
                },
                "Marker2": {
                    "marker_positions": [
                        -1.7116360664367676,
                        -0.17729249596595764,
                        1.4326783418655396
                    ],
                    "marker_label": 0
                },
                "Marker3": {
                    "marker_positions": [
                        -1.7348593473434448,
                        -0.22939656674861908,
                        1.6338521242141724
                    ],
                    "marker_label": 0
                },
                "Marker4": {
                    "marker_positions": [
                        -1.6812162399291992,
                        -0.25352025032043457,
                        1.4319419860839844
                    ],
                    "marker_label": 0
                },
                "Marker5": {
                    "marker_positions": [
                        -1.6984282732009888,
                        -0.17818832397460938,
                        0.6852396726608276
                    ],
                    "marker_label": 0
                },
                "Marker6": {
                    "marker_positions": [
                        -1.700355052947998,
                        -0.25972771644592285,
                        0.6841574907302856
                    ],
                    "marker_label": 0
                },
                "Marker7": {
                    "marker_positions": [
                        -1.7397040128707886,
                        -0.21474626660346985,
                        0.8856409788131714
                    ],
                    "marker_label": 0
                },
                "Marker8": {
                    "marker_positions": [
                        -1.6570502519607544,
                        -0.22008483111858368,
                        0.8865042924880981
                    ],
                    "marker_label": 0
                }
            },
            "world_from_bar_pose": [
                [
                    -1.7106009721755981,
                    -0.22705495357513428,
                    1.0553407669067383
                ],
                [
                    0.0,
                    0.0,
                    0.7071067544940086,
                    0.7071068078790854
                ]
            ],
            "bar_euler_angles": [
                0.0,
                -0.0,
                1.570796251296997
            ],
            "theta_index": 1,