{
    "raw_data": [
        {
            "joint_conf": [
                2.7253506183624268,
                -1.4174342614463349,
                1.189047638569967,
                -2.9262410602965296,
                -2.5501964727984827,
                3.133617877960205
            ],
            "base_mocap_pose": [
                [
                    -0.3999829590320587,
                    -1.1463472843170166,
                    0.5238312482833862
                ],
                [
                    0.0014426065608859062,
                    -0.0005826037377119064,
                    0.758109986782074,
                    -0.6521248817443848
                ]
            ],
            "footprint_base_link_pose": [
                [
                    -0.37194499373435974,
                    -1.0531718730926514,
                    -0.010820209980010986
                ],
                [
                    -0.0037071676924824715,
                    0.0012389359762892127,
                    0.6426125764846802,
                    0.7661812901496887
                ]
            ],
            "bar_rig": {
                "Marker1": {
                    "marker_positions": [
                        -0.7684285044670105,
                        -0.22769495844841003,
                        0.13759636878967285
                    ],
                    "marker_label": 0
                },
                "Marker2": {
                    "marker_positions": [
                        -0.7144677639007568,
                        -0.24888204038143158,
                        0.3388909101486206
                    ],
                    "marker_label": 0
                },
                "Marker3": {
                    "marker_positions": [
                        -0.7353150248527527,
                        -0.30248749256134033,
                        0.13785132765769958
                    ],
                    "marker_label": 0
                },
                "Marker4": {
                    "marker_positions": [
                        -0.7902342081069946,
                        -0.28043246269226074,
                        0.3396548628807068
                    ],
                    "marker_label": 0
                },
                "Marker5": {
                    "marker_positions": [
                        -0.7249533534049988,
                        -0.23794473707675934,
                        1.0862932205200195
                    ],
                    "marker_label": 0
                },
                "Marker6": {
                    "marker_positions": [
                        -0.7819002270698547,
                        -0.29633280634880066,
                        1.0874946117401123
                    ],
                    "marker_label": 0
                },
                "Marker7": {
                    "marker_positions": [
                        -0.7220646142959595,
                        -0.29358363151550293,
                        0.88605135679245
                    ],
                    "marker_label": 0
                },
                "Marker8": {
                    "marker_positions": [
                        -0.7836735248565674,
                        -0.2382294237613678,
                        0.8849806189537048
                    ],
                    "marker_label": 0
                }
            },
            "world_from_bar_pose": [
                [
                    -0.7517979741096497,
                    -0.2728402614593506,
                    1.1192922592163086
                ],
                [
                    6.123233995736766e-17,
                    1.0,
                    6.123233995736766e-17,
                    3.749399456654644e-33
                ]
            ],
            "bar_euler_angles": [
                3.141592653589793,
                -0.0,
                3.141592653589793
            ],
            "theta_index": 6,
            "theta_partition": 8
        },
        {
            "joint_conf": [
                2.7253384590148926,
                -1.2575751406005402,
                1.8915708700763147,
                -3.7886835537352503,
                -2.550293509160177,
                3.133563756942749
            ],
            "base_mocap_pose": [
                [
                    -0.4000304341316223,
                    -1.1463122367858887,
                    0.5238828063011169
                ],
                [
                    0.0013964390382170677,
                    -0.0005267756059765816,
                    0.7581271529197693,
                    -0.6521050930023193
                ]
            ],
            "footprint_base_link_pose": [
                [
                    -0.3719083368778229,
                    -1.0531771183013916,
                    -0.010773181915283203
                ],
                [
                    -0.0037883282639086246,
                    0.001209539594128728,
                    0.6425967216491699,
                    0.7661942839622498
                ]
            ],
            "bar_rig": {
                "Marker1": {
                    "marker_positions": [
                        -0.7684285044670105,
                        -0.22769495844841003,
                        0.13759636878967285
                    ],
                    "marker_label": 0
                },
                "Marker2": {
                    "marker_positions": [
                        -0.7144677639007568,
                        -0.24888204038143158,
                        0.3388909101486206
                    ],
                    "marker_label": 0
                },
                "Marker3": {
                    "marker_positions": [
                        -0.7353150248527527,
                        -0.30248749256134033,
                        0.13785132765769958
                    ],
                    "marker_label": 0
                },
                "Marker4": {
                    "marker_positions": [
                        -0.7902342081069946,
                        -0.28043246269226074,
                        0.3396548628807068
                    ],
                    "marker_label": 0
                },
                "Marker5": {
                    "marker_positions": [
                        -0.7249533534049988,
                        -0.23794473707675934,
                        1.0862932205200195
                    ],
                    "marker_label": 0
                },
                "Marker6": {
                    "marker_positions": [
                        -0.7819002270698547,
                        -0.29633280634880066,
                        1.0874946117401123
                    ],
                    "marker_label": 0
                },
                "Marker7": {
                    "marker_positions": [
                        -0.7220646142959595,
                        -0.29358363151550293,
                        0.88605135679245
                    ],
                    "marker_label": 0
                },
                "Marker8": {
                    "marker_positions": [
                        -0.7836735248565674,
                        -0.2382294237613678,
                        0.8849806189537048
                    ],
                    "marker_label": 0
                }
            },
            "world_from_bar_pose": [
                [
                    -0.7508829832077026,
                    -0.2752113342285156,
                    0.7823835611343384
                ],
                [
                    -4.3711389902282446e-08,
                    0.9999999999999981,
                    -4.3711389902282446e-08,
                    1.9106856071893642e-15
                ]
            ],