{
    "raw_data": [
        {
            "joint_conf": [
                1.8029760122299194,
                -0.11399884641680913,
                2.091407124196188,
                -5.147247692147726,
                -0.2135546843158167,
                4.72937536239624
            ],
            "base_mocap_pose": [
                [
                    1.7966059446334839,
                    0.9681189656257629,
                    0.5262112617492676
                ],
                [
                    -0.00026772989076562226,
                    -0.002633407711982727,
                    0.0031421594321727753,
                    0.9999915361404419
                ]
            ],
            "footprint_base_link_pose": [
                [
                    1.7022693157196045,
                    0.9825042486190796,
                    -0.008774101734161377
                ],
                [
                    -0.00527488999068737,
                    -0.003146678674966097,
                    0.9999376535415649,
                    0.009325021877884865
                ]
            ],
            "bar_rig": {
                "Marker1": {
                    "marker_positions": [
                        1.551810622215271,
                        0.49624091386795044,
                        0.8521541953086853
                    ],
                    "marker_label": 0
                },
                "Marker2": {
                    "marker_positions": [
                        1.3501243591308594,
                        0.5240892171859741,
                        0.8028867840766907
                    ],
                    "marker_label": 0
                },
                "Marker3": {
                    "marker_positions": [
                        1.5511162281036377,
                        0.5749852657318115,
                        0.8300330638885498
                    ],
                    "marker_label": 0
                },
                "Marker4": {
                    "marker_positions": [
                        1.3497226238250732,
                        0.5445247888565063,
                        0.8823776841163635
                    ],
                    "marker_label": 0
                },
                "Marker5": {
                    "marker_positions": [
                        0.6028384566307068,
                        0.5087729692459106,
                        0.8158833384513855
                    ],
                    "marker_label": 0
                },
                "Marker6": {
                    "marker_positions": [
                        0.6017992496490479,
                        0.5584507584571838,
                        0.8805717825889587
                    ],
                    "marker_label": 0
                },
                "Marker7": {
                    "marker_positions": [
                        0.8028813600540161,
                        0.565058708190918,
                        0.8198301196098328
                    ],
                    "marker_label": 0
                },
                "Marker8": {
                    "marker_positions": [
                        0.8045036792755127,
                        0.5014996528625488,
                        0.8729196786880493
                    ],
                    "marker_label": 0
                }
            },
            "world_from_bar_pose": [
                [
                    1.0803031921386719,
                    0.5499342679977417,
                    0.2977611720561981
                ],
                [
                    -0.4999999999999996,
                    0.5000000218556951,
                    -0.4999999999999995,
                    0.49999997814430497
                ]
            ],
            "bar_euler_angles": [
                -1.570796370506287,
                5.551115123125783e-17,
                -1.5707963705062866
            ],
            "theta_index": 0,
            "theta_partition": 8
        },
        {
            "joint_conf": [
                1.803032636642456,
                -0.8998818558505555,
                2.463007990513937,
                -4.733979841271871,
                -0.21361047426332647,
                4.73041296005249
            ],
            "base_mocap_pose": [
                [
                    1.7968358993530273,
                    0.9682599306106567,
                    0.5260274410247803
                ],
                [
                    -0.0003966782824136317,
                    -0.0023712171241641045,
                    0.003173266304656863,
                    0.9999921321868896
                ]
            ],
            "footprint_base_link_pose": [
                [
                    1.7022374868392944,
                    0.9825020432472229,
                    -0.00890970230102539
                ],
                [
                    -0.005016813520342112,
                    -0.0030217228922992945,
                    0.9999397397041321,
                    0.00929170474410057
                ]
            ],
            "bar_rig": {
                "Marker1": {
                    "marker_positions": [
                        1.551810622215271,
                        0.49624091386795044,
                        0.8521541953086853
                    ],
                    "marker_label": 0
                },
                "Marker2": {
                    "marker_positions": [
                        1.3501243591308594,
                        0.5240892171859741,
                        0.8028867840766907
                    ],
                    "marker_label": 0
                },
                "Marker3": {
                    "marker_positions": [
                        1.5511162281036377,
                        0.5749852657318115,
                        0.8300330638885498
                    ],
                    "marker_label": 0
                },
                "Marker4": {
                    "marker_positions": [
                        1.3497226238250732,
                        0.5445247888565063,
                        0.8823776841163635
                    ],
                    "marker_label": 0
                },
                "Marker5": {
                    "marker_positions": [
                        0.6028384566307068,
                        0.5087729692459106,
                        0.8158833384513855
                    ],
                    "marker_label": 0
                },
                "Marker6": {
                    "marker_positions": [
                        0.6017992496490479,
                        0.5584507584571838,
                        0.8805717825889587
                    ],
                    "marker_label": 0
                },
                "Marker7": {
                    "marker_positions": [
                        0.8028813600540161,
                        0.565058708190918,
                        0.8198301196098328
                    ],
                    "marker_label": 0
                },
                "Marker8": {
                    "marker_positions": [
                        0.8045036792755127,
                        0.5014996528625488,
                        0.8729196786880493
                    ],
                    "marker_label": 0
                }
            },
            "world_from_bar_pose": [
                [
                    1.0779105424880981,
                    0.5484626293182373,
                    0.5506684184074402
                ],
                [
                    -0.4999999999999996,
                    0.5000000218556951,
                    -0.4999999999999995,
                    0.49999997814430497
                ]
            ],