{
    "raw_data": [
        {
            "joint_conf": [
                5.475682735443115,
                -2.249742170373434,
                -2.5071957111358643,
                1.628990812892578,
                -5.003949109707968,
                -0.004401032124654591
            ],
            "base_mocap_pose": [
                [
                    1.861479640007019,
                    -0.9732967019081116,
                    0.52072674036026
                ],
                [
                    0.0008894295315258205,
                    0.003311348147690296,
                    0.22138728201389313,
                    -0.9751800298690796
                ]
            ],
            "footprint_base_link_pose": [
                [
                    1.7837446928024292,
                    -0.9193493723869324,
                    -0.014394104480743408
                ],
                [
                    -0.006637895945459604,
                    -0.0018154724966734648,
                    0.9723154902458191,
                    0.23357056081295013
                ]
            ],
            "bar_rig": {
                "Marker1": {
                    "marker_positions": [
                        0.8411504030227661,
                        -0.6735949516296387,
                        1.7139530181884766
                    ],
                    "marker_label": 0
                },
                "Marker2": {
                    "marker_positions": [
                        0.8633528351783752,
                        -0.7261367440223694,
                        1.5123927593231201
                    ],
                    "marker_label": 0
                },
                "Marker3": {
                    "marker_positions": [
                        0.9163740873336792,
                        -0.7057164311408997,
                        1.7136310338974
                    ],
                    "marker_label": 0
                },
                "Marker4": {
                    "marker_positions": [
                        0.8939008712768555,
                        -0.6499572992324829,
                        1.5121041536331177
                    ],
                    "marker_label": 0
                },
                "Marker5": {
                    "marker_positions": [
                        0.8534086346626282,
                        -0.7115868330001831,
                        0.7650446891784668
                    ],
                    "marker_label": 0
                },
                "Marker6": {
                    "marker_positions": [
                        0.9110412001609802,
                        -0.6538683772087097,
                        0.7642555832862854
                    ],
                    "marker_label": 0
                },
                "Marker7": {
                    "marker_positions": [
                        0.9087778329849243,
                        -0.7148687243461609,
                        0.9653552770614624
                    ],
                    "marker_label": 0
                },
                "Marker8": {
                    "marker_positions": [
                        0.8526131510734558,
                        -0.654002845287323,
                        0.9666838645935059
                    ],
                    "marker_label": 0
                }
            },
            "world_from_bar_pose": [
                [
                    0.9022132158279419,
                    -0.6867550611495972,
                    0.5420530438423157
                ],
                [
                    0.0,
                    0.0,
                    -0.7071067966408575,
                    0.7071067657322372
                ]
            ],
            "bar_euler_angles": [
                0.0,
                0.0,
                -1.5707963705062866
            ],
            "theta_index": 2,
            "theta_partition": 8
        },
        {
            "joint_conf": [
                5.475778102874756,
                -1.2520396274379273,
                -2.110363721847534,
                0.2351490694233398,
                -5.004280988370077,
                -0.0037344137774866226
            ],
            "base_mocap_pose": [
                [
                    1.8619515895843506,
                    -0.973252534866333,
                    0.5206854343414307
                ],
                [
                    0.0011119742412120104,
                    0.002856597537174821,
                    0.2214362919330597,
                    -0.9751700758934021
                ]
            ],
            "footprint_base_link_pose": [
                [
                    1.7837107181549072,
                    -0.919398844242096,
                    -0.01439201831817627
                ],
                [
                    -0.006198184099048376,
                    -0.001615699497051537,
                    0.972317636013031,
                    0.23357518017292023
                ]
            ],
            "bar_rig": {
                "Marker1": {
                    "marker_positions": [
                        0.8411504030227661,
                        -0.6735949516296387,
                        1.7139530181884766
                    ],
                    "marker_label": 0
                },
                "Marker2": {
                    "marker_positions": [
                        0.8633528351783752,
                        -0.7261367440223694,
                        1.5123927593231201
                    ],
                    "marker_label": 0
                },
                "Marker3": {
                    "marker_positions": [
                        0.9163740873336792,
                        -0.7057164311408997,
                        1.7136310338974
                    ],
                    "marker_label": 0
                },
                "Marker4": {
                    "marker_positions": [
                        0.8939008712768555,
                        -0.6499572992324829,
                        1.5121041536331177
                    ],
                    "marker_label": 0
                },
                "Marker5": {
                    "marker_positions": [
                        0.8534086346626282,
                        -0.7115868330001831,
                        0.7650446891784668
                    ],
                    "marker_label": 0
                },
                "Marker6": {
                    "marker_positions": [
                        0.9110412001609802,
                        -0.6538683772087097,
                        0.7642555832862854
                    ],
                    "marker_label": 0
                },
                "Marker7": {
                    "marker_positions": [
                        0.9087778329849243,
                        -0.7148687243461609,
                        0.9653552770614624
                    ],
                    "marker_label": 0
                },
                "Marker8": {
                    "marker_positions": [
                        0.8526131510734558,
                        -0.654002845287323,
                        0.9666838645935059
                    ],
                    "marker_label": 0
                }
            },
            "world_from_bar_pose": [
                [
                    0.8978559374809265,
                    -0.6867880821228027,
                    0.9217644333839417
                ],
                [
                    0.0,
                    0.0,
                    -0.7071067966408575,
                    0.7071067657322372
                ]
            ],
            "bar_euler_angles": [
                0.0,
                0.0,
                -1.5707963705062866
            ],
            "theta_index": 2,