{
    "raw_data": [
        {
            "joint_conf": [
                1.621698021888733,
                -1.9872681103148402,
                2.390843931828634,
                -3.554380556146139,
                -1.6031325499164026,
                4.717517852783203
            ],
            "base_mocap_pose": [
                [
                    1.7974636554718018,
                    0.9685234427452087,
                    0.5259066820144653
                ],
                [
                    -0.0007445289520546794,
                    -0.0018272008746862411,
                    0.003171333111822605,
                    0.999993085861206
                ]
            ],
            "footprint_base_link_pose": [
                [
                    1.702251672744751,
                    0.9823994636535645,
                    -0.00894010066986084
                ],
                [
                    -0.004464536905288696,
                    -0.002665665466338396,
                    0.999943196773529,
                    0.009304055012762547
                ]
            ],
            "bar_rig": {
                "Marker1": {
                    "marker_positions": [
                        0.6797606945037842,
                        0.3751785159111023,
                        0.3236784338951111
                    ],
                    "marker_label": 0
                },
                "Marker2": {
                    "marker_positions": [
                        0.7074245810508728,
                        0.5767197012901306,
                        0.2737184464931488
                    ],
                    "marker_label": 0
                },
                "Marker3": {
                    "marker_positions": [
                        0.7584383487701416,
                        0.3758196532726288,
                        0.3013198673725128
                    ],
                    "marker_label": 0
                },
                "Marker4": {
                    "marker_positions": [
                        0.728097677230835,
                        0.5773653984069824,
                        0.3531462550163269
                    ],
                    "marker_label": 0
                },
                "Marker5": {
                    "marker_positions": [
                        0.6920102834701538,
                        1.3240388631820679,
                        0.28450149297714233
                    ],
                    "marker_label": 0
                },
                "Marker6": {
                    "marker_positions": [
                        0.7418811917304993,
                        1.325282335281372,
                        0.3490375578403473
                    ],
                    "marker_label": 0
                },
                "Marker7": {
                    "marker_positions": [
                        0.7483443021774292,
                        1.1240185499191284,
                        0.28888460993766785
                    ],
                    "marker_label": 0
                },
                "Marker8": {
                    "marker_positions": [
                        0.6849445700645447,
                        1.1225457191467285,
                        0.34216874837875366
                    ],
                    "marker_label": 0
                }
            },
            "world_from_bar_pose": [
                [
                    0.8708858489990234,
                    0.845825731754303,
                    0.8460832834243774
                ],
                [
                    0.7071067544940086,
                    0.0,
                    0.0,
                    0.7071068078790854
                ]
            ],
            "bar_euler_angles": [
                1.570796251296997,
                -0.0,
                0.0
            ],
            "theta_index": 4,
            "theta_partition": 8
        },
        {
            "joint_conf": [
                1.6217267513275146,
                -1.1876322490027924,
                2.682253901158468,
                -4.645124336282247,
                -1.6031397024737757,
                4.717335224151611
            ],
            "base_mocap_pose": [
                [
                    1.7970432043075562,
                    0.9684650301933289,
                    0.5259794592857361
                ],
                [
                    -0.0006211686413735151,
                    -0.002119979355484247,
                    0.0031811760272830725,
                    0.9999924898147583
                ]
            ],
            "footprint_base_link_pose": [
                [
                    1.702222466468811,
                    0.9824211597442627,
                    -0.00893932580947876
                ],
                [
                    -0.004802803974598646,
                    -0.002747576916590333,
                    0.9999409914016724,
                    0.009345215745270252
                ]
            ],
            "bar_rig": {
                "Marker1": {
                    "marker_positions": [
                        0.6797606945037842,
                        0.3751785159111023,
                        0.3236784338951111
                    ],
                    "marker_label": 0
                },
                "Marker2": {
                    "marker_positions": [
                        0.7074245810508728,
                        0.5767197012901306,
                        0.2737184464931488
                    ],
                    "marker_label": 0
                },
                "Marker3": {
                    "marker_positions": [
                        0.7584383487701416,
                        0.3758196532726288,
                        0.3013198673725128
                    ],
                    "marker_label": 0
                },
                "Marker4": {
                    "marker_positions": [
                        0.728097677230835,
                        0.5773653984069824,
                        0.3531462550163269
                    ],
                    "marker_label": 0
                },
                "Marker5": {
                    "marker_positions": [
                        0.6920102834701538,
                        1.3240388631820679,
                        0.28450149297714233
                    ],
                    "marker_label": 0
                },
                "Marker6": {
                    "marker_positions": [
                        0.7418811917304993,
                        1.325282335281372,
                        0.3490375578403473
                    ],
                    "marker_label": 0
                },
                "Marker7": {
                    "marker_positions": [
                        0.7483443021774292,
                        1.1240185499191284,
                        0.28888460993766785
                    ],
                    "marker_label": 0
                },
                "Marker8": {
                    "marker_positions": [
                        0.6849445700645447,
                        1.1225457191467285,
                        0.34216874837875366
                    ],
                    "marker_label": 0
                }
            },
            "world_from_bar_pose": [
                [
                    0.8725020289421082,
                    0.8470335602760315,
                    0.6139338612556458
                ],
                [
                    0.7071067544940086,
                    0.0,
                    0.0,
                    0.7071068078790854
                ]
            ],
            "bar_euler_angles": [
                1.570796251296997,
                -0.0,
                0.0
            ],
            "theta_index": 4,